i1,i2,i3,i4,i5,i6,i7,i8,i9,i10,i11,i12,i13,i14,i15,i16,i17,i18,i19,i20,i21,i22,i23,i24,i25,i26,i27,i28,i29,i30,i31,i32,i33,i34,i35,i36,i37,i38,i39,i40,i41,i42,i43,i44,i45,i46,i47,i48,i49,i50,i51,i52,i53,i54,i55,i56,i57,i58,i59,i60,i61,i62,i63,i64,i65,i66,i67,i68,i69,i70,i71,i72,i73,i74,i75,i76,i77,i78,i79,i80,i81,i82,i83,i84,i85,i86,i87,i88,i89,i90,i91,recid,o1,o2,o3
186,183,98,129,137,111,91,126,119,110,98,67,45,112,25,68,57,29,12,36,39,21,11,8.9,3.5,89,22,97,17,99,11,35,50,9,17,5,2,105,29,109,27,50,120,26,61,92,31,38,33,27,89,92,101,77,79,74,68,69,77,112,116,105,42,17,74,70,70,40,77,55,48,127,141,148,87,104,127,133,111,122,148,70,85,155,64,67,61,155,101,83,148,ANATSPEC,1,1,1
169,168,93,128,128,106,89,119,111,103,91,66,48,104,23,65,49,30,14,36,38,20,11,6.3,2.3,86,26,93,18,93,14,35,51,10,18,3,2,101,28,104,25,44,112,22,48,88,24,27,28,23,86,85,95,75,72,69,63,62,73,114,117,103,35,14,66,67,71,42,81,53,46,118,138,138,85,108,128,136,117,122,152,72,78,149,61,62,55,149,100,83,152,T-100RR,1,1,1
190,188,104,131,141,114,96,130,119,102,107,70,51,115,28,76,61,23,11,34,40,24,11,7.4,3.1,94,22,101,19,101,13,36,53,13,20,6,2,112,35,118,29,53,117,20,49,92,27,32,36,27,99,99,110,88,84,81,76,76,87,120,121,108,40,10,77,73,68,39,72,59,49,130,139,143,95,100,127,141,116,116,161,74,75,149,64,61,56,149,103,86,161,T-1135,1,1,1
179,177,91,127,132,109,88,120,110,102,93,66,47,107,25,57,52,23,11,33,36,23,9,5.9,1.8,86,23,94,18,94,11,34,49,10,23,5,2,101,29,105,23,45,114,22,57,100,34,45,35,25,87,89,98,76,74,71,65,63,79,115,121,110,37,12,65,71,67,42,80,55,45,124,138,145,104,117,132,138,111,120,155,90,69,159,61,61,65,159,104,81,155,T-1188,1,1,1
177,175,95,134,130,107,90,118,111,104,103,70,46,110,23,64,63,20,12,31,36,22,11,10.8,1.9,87,20,95,16,94,11,38,54,12,24,4,2,104,35,110,28,42,108,26,56,99,28,50,31,27,86,89,105,76,76,70,67,67,79,120,125,109,39,15,66,76,63,41,81,54,44,131,143,145,90,141,124,129,121,112,150,69,86,155,62,56,65,155,100,88,150,T-1269R,1,1,1
188,184,96,127,135,119,98,125,115,101,91,70,54,110,27,58,54,28,12,35,37,27,12,8.5,2,100,22,96,16,97,12,22,47,10,27,6,3,115,39,117,30,49,126,29,54,85,27,40,37,26,95,88,97,81,77,77,70,64,75,122,127,107,38,7,80,64,72,44,72,61,46,132,143,143,97,130,125,130,115,112,166,87,32,119,64,66,46,119,98,81,166,T-1314,1,1,1
176,174,91,117,135,109,88,115,104,97,99,71,51,103,23,50,58,27,11,34,37,20,11,7.6,2.8,82,22,92,18,93,14,32,53,11,19,3,1,102,26,105,27,38,112,24,49,87,27,37,35,29,91,90,103,79,75,71,66,66,80,111,116,103,35,7,61,74,62,44,73,59,48,124,137,137,85,107,123,133,116,126,165,84,57,141,62,63,54,153,105,81,165,T-1326R,1,1,1
178,175,99,131,137,116,99,130,121,103,102,67,48,115,26,71,58,29,12,36,41,21,10,7.5,2.8,97,27,101,18,101,16,36,55,11,20,5,2,112,34,112,29,45,112,24,50,95,24,40,35,28,93,97,106,84,81,78,69,69,85,116,120,103,42,16,77,73,68,39,76,56,47,122,141,135,93,107,124,133,125,117,150,75,80,155,64,61,67,155,102,89,150,T-1329,1,1,1
170,169,98,123,125,108,94,118,112,99,103,66,42,109,25,70,60,27,11,33,38,24,10,7.5,2,89,22,99,19,98,12,35,50,9,21,6,1,108,37,105,27,42,107,21,47,92,24,37,37,27,92,94,105,81,80,75,68,69,82,116,117,99,42,14,69,75,67,38,74,55,50,127,138,144,100,124,124,137,123,111,152,79,86,165,59,59,68,165,101,93,152,T-1332,1,1,1
176,174,93,127,134,110,92,121,116,99,98,61,42,106,21,61,56,24,11,35,35,21,10,7.3,2.9,82,26,93,17,93,10,38,55,11,18,5,4,108,36,103,23,43,124,27,61,90,26,41,32,23,87,92,100,74,74,70,64,64,82,115,118,105,37,14,66,76,67,37,81,53,46,115,140,147,93,103,131,133,120,113,153,80,86,166,59,68,56,166,99,80,153,T-1341,1,1,1
171,170,99,120,127,107,89,124,114,103,98,65,41,108,23,60,55,31,12,32,38,21,10,7.9,4.8,83,22,95,18,95,13,37,55,11,20,4,2,110,29,103,25,47,107,19,44,89,23,34,39,30,92,93,102,80,78,75,69,68,76,107,110,96,43,14,72,70,72,39,73,55,52,124,138,141,93,79,128,140,123,124,152,83,77,160,62,63,68,160,105,90,152,T-1390,1,1,1
172,172,96,124,130,113,91,122,114,109,102,65,46,109,24,64,56,30,14,33,39,22,14,7.5,3.2,87,21,97,17,98,12,39,56,11,21,5,2,105,31,101,21,44,120,26,50,87,27,42,32,27,93,94,102,80,81,77,71,73,85,114,117,102,34,11,69,76,66,38,78,53,49,128,141,145,76,99,134,132,116,119,158,89,87,176,57,67,55,182,102,80,158,T-1585,1,1,1
184,181,96,125,137,121,97,130,119,100,94,67,48,110,24,65,54,32,14,35,38,22,11,10.4,4.1,93,24,98,17,97,16,33,47,10,20,6,2,117,36,105,22,37,110,19,52,97,34,41,39,30,94,94,100,83,77,78,71,69,75,113,114,105,42,12,69,68,71,41,77,55,48,125,142,132,90,103,131,142,109,117,157,84,63,147,60,60,67,147,107,87,157,T-1632,1,1,1
172,171,87,108,135,110,94,124,118,102,93,65,50,108,25,56,56,26,11,33,37,23,9,10.4,2.8,85,21,98,16,97,12,35,50,11,21,5,2,111,30,99,23,43,112,24,57,85,28,43,34,27,84,85,94,74,72,68,64,61,68,103,111,104,37,5,73,74,64,42,71,60,49,127,144,143,104,123,130,134,113,123,170,56,80,136,63,66,50,136,107,76,170,T-199R,1,1,1
175,175,96,127,138,113,85,123,114,102,94,68,51,104,25,62,51,28,11,32,36,19,11,8.9,3.4,84,21,87,14,89,14,42,58,11,17,6,1,111,32,107,23,46,112,22,57,94,27,37,34,22,90,90,98,79,75,76,67,67,76,115,118,106,37,13,62,67,71,42,77,55,47,127,144,135,82,105,133,137,119,120,154,87,76,163,62,61,61,163,103,84,154,T-24R,1,1,1
171,169,90,118,129,108,92,120,113,100,90,57,42,107,24,63,50,26,9,31,36,25,11,10.4,3.1,90,24,95,16,94,13,31,48,8,19,5,2,108,35,98,24,40,107,19,61,94,29,50,36,26,84,87,92,76,73,68,64,62,76,106,110,104,41,13,74,72,72,37,78,54,48,124,143,139,97,118,127,140,116,114,154,77,85,162,61,61,65,162,107,83,154,T-26R,1,1,1
175,170,99,132,128,107,90,132,114,97,104,61,42,113,21,60,59,27,12,33,38,22,11,5.6,1,104,25,94,11,98,11,21,46,9,22,4,3,103,34,99,20,40,106,23,51,93,26,45,38,27,88,95,105,80,82,75,70,69,83,112,117,104,45,20,67,77,68,35,84,48,48,129,154,147,90,141,135,133,122,113,141,83,87,171,58,59,63,176,106,90,141,T-48R,1,1,1
189,188,98,134,147,128,107,129,117,118,103,69,47,119,26,64,54,29,13,37,40,26,12,10.4,3.1,92,23,103,20,103,17,40,56,10,19,6,1,128,57,121,33,50,136,33,64,89,23,24,30,22,99,99,108,87,86,79,73,76,82,128,131,107,27,6,77,74,66,40,75,61,45,127,138,131,95,118,122,128,117,97,168,55,34,89,63,70,43,160,94,74,168,T-511,1,1,1
181,179,97,129,137,119,101,128,112,99,104,76,49,118,28,77,60,24,10,37,39,28,11,15.5,3.2,97,28,103,21,101,17,34,54,11,24,6,2,117,41,115,29,52,123,25,65,81,20,21,35,25,100,102,115,89,85,78,73,72,90,120,123,96,31,13,78,73,63,44,74,59,46,120,136,130,104,135,126,136,118,110,154,62,34,96,62,68,53,152,97,83,154,T-56R,1,1,1
171,170,95,132,134,113,94,127,119,102,98,70,48,112,25,63,56,26,10,34,36,27,13,11.1,1.9,93,24,95,16,96,12,36,56,10,23,5,2,109,31,106,24,43,114,25,58,89,26,32,30,26,89,90,102,77,76,74,67,65,81,117,117,100,34,15,73,71,66,42,82,53,45,125,143,142,92,142,130,133,116,121,152,88,79,167,60,63,62,167,98,86,152,T-615,1,1,1
184,182,97,128,140,117,94,126,117,107,101,66,46,118,29,70,57,27,14,32,39,28,11,12.6,3.5,102,22,103,21,104,13,36,54,15,24,5,2,107,32,109,26,47,119,28,63,95,28,35,33,25,94,91,105,80,78,74,70,69,81,120,125,106,35,10,74,74,67,39,77,56,47,133,136,142,104,122,128,129,116,118,161,87,69,156,60,63,62,156,101,83,161,T-766,1,1,1
166,165,93,127,123,112,89,116,109,99,85,59,49,103,20,56,49,28,13,32,36,20,12,6.8,2.1,81,20,90,18,90,13,31,45,9,19,5,1,111,38,97,24,40,121,28,63,89,22,38,32,27,84,82,87,71,68,65,59,60,66,111,115,101,41,17,67,63,78,38,84,49,47,127,136,139,80,117,126,130,127,111,145,70,89,159,58,69,61,159,98,83,145,T-81R,1,1,1
180,179,113,126,137,114,96,135,121,95,104,67,50,125,28,66,55,24,12,35,39,31,12,12.4,4.1,95,26,108,23,106,17,38,54,11,19,5,2,101,22,104,23,48,116,25,57,87,23,28,32,28,94,96,104,84,78,72,68,70,82,114,118,103,37,13,78,65,80,36,71,51,58,123,134,130,105,113,132,133,119,133,156,78,86,164,59,64,55,171,104,83,156,T-831,1,1,1
190,187,102,128,128,110,94,121,111,96,103,63,46,107,23,63,56,21,8,34,37,25,10,8,2.2,89,20,97,20,97,14,36,56,13,22,8,2,106,34,110,27,48,121,24,56,91,31,36,35,31,97,95,104,85,81,80,73,74,83,120,123,107,35,9,74,73,71,36,74,56,50,132,135,137,103,122,127,137,110,115,162,83,86,169,60,64,54,183,102,81,162,T-86R,1,1,1
185,181,98,126,136,110,93,121,114,105,99,66,52,108,29,60,56,30,15,33,37,24,11,11.9,4.7,97,30,96,20,97,14,33,52,11,23,4,2,108,33,109,24,42,112,22,60,96,24,29,37,26,98,100,107,84,82,81,73,70,82,114,115,104,37,14,69,71,70,39,75,57,49,117,135,137,95,103,131,137,121,117,152,79,58,138,61,62,67,159,107,84,152,W-1042,1,1,1
174,172,92,115,132,108,89,121,112,102,96,62,46,101,24,63,54,24,10,36,38,24,11,7.7,1.5,87,22,94,13,93,11,32,52,11,21,5,2,108,31,102,23,43,109,23,55,87,28,41,35,28,85,86,95,75,76,72,66,66,75,106,114,105,42,10,66,74,67,38,73,58,50,126,149,147,95,137,131,134,114,120,160,51,81,132,63,62,54,150,107,82,160,W-1087,1,1,1
179,174,92,130,130,111,93,118,111,102,99,64,44,106,24,68,56,28,14,32,37,23,11,4.7,2.6,86,23,96,15,95,12,39,52,11,20,4,4,111,40,107,26,46,115,22,59,97,27,39,34,27,86,91,102,76,77,72,68,69,79,117,118,106,40,14,74,76,65,39,81,54,44,124,145,143,93,84,127,138,120,108,152,75,82,156,61,62,66,156,99,86,152,W-1103,1,1,1
176,174,91,120,132,109,93,119,112,96,90,65,48,104,25,64,55,25,9,34,35,25,12,6.7,2.1,89,25,93,18,93,12,38,55,9,21,5,1,107,30,96,22,37,119,27,61,93,25,43,38,28,88,91,99,75,74,71,65,66,78,107,113,102,40,15,71,68,70,42,80,52,48,121,138,141,92,116,129,131,123,121,150,87,57,143,58,69,66,150,104,80,150,W-1105,1,1,1
191,190,91,120,140,119,97,127,119,104,93,66,50,112,24,62,56,31,12,32,36,25,12,11.4,3.6,90,19,98,14,97,12,35,50,11,25,4,1,112,33,115,31,54,120,23,65,101,34,48,31,24,87,88,97,75,76,73,68,67,75,112,121,119,37,9,72,71,67,42,70,64,46,134,148,142,92,115,123,138,112,119,163,54,66,120,69,63,53,120,107,73,163,W-1124,1,1,1
179,178,94,118,129,105,93,121,115,104,90,61,46,108,25,63,49,32,9,32,36,23,10,9.6,2.8,89,23,95,17,93,13,33,52,12,22,4,2,100,28,103,25,42,112,23,62,91,26,43,36,29,86,87,93,77,75,69,65,63,70,105,113,107,44,15,67,67,74,39,73,57,50,125,141,139,98,119,127,135,120,121,151,67,83,151,64,64,57,151,108,81,151,W-1214,1,1,1
179,176,99,133,142,118,97,125,118,107,98,66,46,106,23,59,53,27,10,38,38,21,13,9.1,4,86,24,99,11,97,13,33,49,10,21,6,2,119,33,103,25,42,125,27,59,89,29,47,35,28,92,93,100,78,78,74,70,69,78,120,121,104,42,14,68,70,71,39,82,50,48,122,155,141,78,97,127,133,114,122,153,70,86,155,56,67,58,155,98,86,153,W-1215,1,1,1
172,171,92,125,131,107,87,121,110,101,87,71,53,103,23,59,51,29,10,38,38,21,8,6.8,2.9,86,24,93,14,93,13,30,45,8,21,3,2,97,23,109,27,45,96,17,45,98,28,37,34,28,87,88,97,78,74,75,65,65,78,108,112,105,36,17,71,63,70,47,76,58,46,122,146,141,105,99,126,141,118,129,146,83,58,141,67,54,69,156,109,85,146,W-1294,1,1,1
188,186,100,125,132,108,91,133,124,106,111,68,46,116,23,70,65,22,12,34,39,26,12,6.6,2,101,29,101,18,103,12,45,62,13,23,6,5,103,27,106,20,46,116,22,58,96,27,33,38,26,97,103,107,85,87,80,76,76,93,114,118,108,39,13,72,80,63,37,75,55,50,120,141,145,95,118,138,138,118,125,156,85,69,154,60,63,62,206,108,82,156,W-1297,1,1,1
186,177,97,124,122,112,99,124,110,100,101,67,52,109,26,59,55,27,9,37,38,22,12,6.9,1.9,89,22,97,16,96,13,37,49,11,18,4,1,102,29,107,34,43,107,18,63,95,30,42,33,28,97,94,106,85,89,82,75,70,83,118,127,105,33,7,74,73,67,39,75,56,49,127,143,141,85,122,114,142,115,121,165,84,46,130,59,57,64,142,106,86,165,W-1300,1,1,1
174,173,91,117,130,104,88,118,110,97,91,61,43,101,22,57,53,29,9,31,35,24,11,8.5,2.6,79,27,93,20,91,17,35,55,10,20,5,1,103,30,99,22,42,114,27,53,90,29,42,29,24,89,89,98,77,75,69,64,65,73,107,115,103,31,11,66,70,70,39,76,55,49,111,133,124,95,117,131,129,114,120,157,90,53,143,60,66,57,143,106,76,157,W-1310,1,1,1
198,195,108,137,136,117,102,128,120,112,103,63,50,116,26,55,55,29,12,34,41,25,13,12.1,4.4,96,24,107,22,106,14,38,55,14,22,8,3,117,40,112,23,44,124,23,64,113,34,55,33,28,101,101,107,87,86,82,78,77,84,124,126,117,41,13,75,68,77,35,77,53,50,127,135,141,88,108,134,139,118,111,156,60,75,136,59,62,74,136,107,82,156,W-1321,1,1,1
181,179,100,126,137,112,99,130,123,107,106,72,51,116,26,64,58,35,14,34,38,28,11,11.9,3.4,97,25,103,16,102,14,36,56,12,23,5,2,115,59,107,26,45,117,22,60,93,27,52,40,29,94,96,108,83,81,75,71,69,83,117,118,106,39,13,70,74,65,41,75,55,50,125,145,138,104,121,127,139,119,89,156,76,85,161,60,63,60,188,103,84,156,W-1345,1,1,1
184,180,97,126,137,113,95,129,118,111,106,72,49,111,24,66,61,29,13,32,37,24,10,7.2,2.8,97,27,100,16,100,10,33,55,12,24,6,3,104,27,103,22,39,120,25,54,100,30,44,35,29,90,97,109,79,80,72,69,68,86,113,119,109,42,14,72,76,63,41,78,53,49,122,145,149,100,104,132,134,118,125,153,70,81,151,60,65,67,151,105,82,153,W-1397,1,1,1
183,181,100,137,138,119,96,130,122,101,101,71,49,110,28,68,61,25,13,34,39,26,15,7.4,1.2,96,29,99,21,101,16,36,56,10,22,5,1,119,39,115,31,48,111,23,55,101,27,54,37,29,93,97,108,81,79,73,66,66,80,118,124,112,44,19,75,70,69,41,79,55,46,118,134,133,82,144,122,135,124,114,145,82,73,155,65,58,64,155,105,87,145,W-1489,1,1,1
192,191,95,131,139,113,94,126,118,105,109,72,50,109,24,66,63,30,15,34,36,24,12,7.6,3.6,98,28,98,15,97,11,35,55,12,24,5,2,113,36,110,26,54,127,26,59,99,30,46,34,27,90,95,110,80,80,75,70,68,84,122,129,119,40,10,80,80,59,41,79,56,45,121,146,145,90,93,129,135,117,115,161,60,87,146,60,64,51,146,102,78,161,W-1516,1,1,1
178,176,103,125,138,109,94,125,116,101,103,68,47,110,25,67,56,25,15,34,38,27,13,10.9,5.1,91,26,99,24,99,19,32,52,8,22,5,4,105,30,106,24,48,105,18,47,91,25,34,31,26,97,92,102,83,78,75,68,67,81,116,117,107,35,10,72,71,71,39,73,54,52,121,128,123,92,94,131,142,120,121,160,75,81,156,59,56,54,173,109,84,160,W-1580,1,1,1
179,177,95,124,132,108,91,118,112,108,87,63,46,100,20,59,49,25,9,33,36,22,12,7.8,3,80,21,94,19,92,14,31,43,7,16,5,2,106,34,101,22,40,116,27,58,94,27,45,40,29,89,88,94,77,72,70,64,65,73,109,117,105,46,17,71,63,77,40,78,53,49,125,136,135,85,105,131,130,120,115,146,80,71,151,60,66,64,151,106,85,146,W-1617,1,1,1
180,177,98,129,127,110,96,128,115,104,95,60,48,114,26,64,51,32,15,31,40,24,13,9.5,2.6,92,24,102,19,100,14,36,50,10,20,5,3,109,38,108,25,41,117,24,54,92,26,42,35,28,92,95,101,80,80,74,70,72,79,113,114,101,39,17,74,69,75,36,77,55,48,125,139,140,85,123,128,135,121,110,147,90,74,164,63,66,66,164,101,85,147,W-1695,1,1,1
176,175,93,120,136,112,93,125,117,102,95,67,51,103,24,55,51,31,12,36,37,21,10,7.5,1.2,84,25,96,15,94,13,36,49,9,20,2,2,108,28,105,25,43,110,27,43,92,29,46,35,28,89,92,100,79,74,76,68,68,79,110,119,104,39,11,71,71,68,42,74,57,48,118,145,140,93,145,128,126,116,125,159,77,66,143,63,62,61,143,105,84,159,W-1744,1,1,1
173,173,98,125,137,118,95,128,118,103,96,65,49,113,24,65,56,21,9,37,36,24,13,11.2,4.7,94,23,101,20,98,12,35,52,10,21,6,1,121,37,102,22,44,109,21,60,92,26,45,35,29,93,92,100,78,78,72,69,69,77,113,114,103,39,14,74,69,72,39,77,53,50,128,137,142,85,100,133,138,121,117,153,84,77,162,58,60,63,162,106,87,153,W-1748,1,1,1
183,179,99,130,139,119,98,126,118,112,98,64,46,110,25,62,55,26,10,36,37,25,11,10.6,1.8,93,26,100,19,100,11,35,50,10,18,5,1,120,41,106,28,45,120,26,65,94,26,45,30,36,92,93,100,79,74,74,68,66,76,116,120,107,42,14,72,70,72,38,79,53,48,122,138,146,97,142,123,133,122,111,153,37,86,123,60,65,61,123,103,84,153,W-1749,1,1,1
174,171,90,120,134,109,87,118,108,96,92,55,42,104,22,63,53,25,12,34,37,23,10,5.7,1.4,92,25,95,20,96,14,34,49,10,18,4,4,105,28,105,27,44,112,25,56,86,24,45,34,26,90,91,99,78,75,72,67,67,73,110,114,99,35,11,69,74,70,35,76,58,47,123,134,137,98,128,125,132,122,124,157,86,53,139,62,65,58,147,102,83,157,W-1781,1,1,1
174,173,87,123,140,109,88,128,123,116,89,65,48,107,24,62,53,30,13,31,35,21,10,8.2,3.2,85,24,91,13,92,11,37,55,10,21,3,2,111,34,108,26,42,111,22,58,96,27,42,35,27,85,88,94,74,74,72,65,64,74,113,117,105,40,11,72,70,67,43,77,59,44,121,148,144,93,104,127,137,121,117,160,71,66,137,64,61,66,137,101,85,160,W-1785,1,1,1
186,185,103,126,135,118,100,119,112,110,101,68,49,108,24,64,56,27,7,36,36,26,15,10.8,4.2,90,25,99,19,98,14,36,50,11,22,9,3,118,44,108,23,44,117,24,58,98,25,40,31,26,99,95,107,85,83,80,74,74,83,116,121,110,38,11,65,69,72,39,73,55,52,122,138,135,82,104,133,135,125,107,158,58,60,117,60,62,62,117,109,81,158,W-1856,1,1,1
186,184,98,131,132,108,97,126,118,103,106,73,53,110,23,65,60,29,13,37,40,24,14,6.7,2.2,87,26,97,21,97,16,38,56,10,24,4,2,105,33,109,26,48,119,26,59,97,30,43,35,28,93,94,107,81,78,72,67,69,83,112,118,107,40,20,73,75,63,42,78,55,47,118,133,130,81,113,128,133,116,116,143,89,87,176,63,66,65,184,105,81,143,W-1871,1,1,1
170,168,89,121,128,110,94,121,111,106,89,61,47,103,20,57,49,27,11,36,39,21,12,7,3,78,21,95,16,93,12,36,50,8,16,5,2,107,35,102,25,43,118,29,58,83,25,38,33,26,82,82,89,72,70,67,60,60,72,111,118,102,39,10,69,70,70,40,78,56,46,123,143,142,82,99,127,128,118,114,160,60,87,147,62,67,51,153,98,81,160,W-1924,1,1,1
179,175,92,121,142,117,90,121,117,108,92,74,55,108,24,61,57,29,9,37,35,23,15,10.5,3.9,88,22,92,17,92,13,36,51,12,22,4,2,113,36,104,26,45,113,22,55,94,29,44,37,29,88,87,99,75,74,72,66,65,77,113,116,106,39,15,69,66,66,47,76,56,48,127,139,137,75,107,126,137,116,115,151,86,66,152,61,62,62,160,104,83,151,W-2028,1,1,1
183,180,99,128,136,113,94,121,112,105,107,69,49,112,27,71,59,28,11,34,37,24,12,9.3,2.8,96,24,100,14,101,11,31,47,12,22,6,3,111,34,106,24,47,119,23,60,96,24,41,34,30,91,96,106,80,81,80,74,72,87,118,121,112,42,11,73,77,64,39,77,54,49,127,149,146,90,118,131,138,126,117,158,49,82,131,59,62,57,148,104,83,158,W-2039,1,1,1
181,181,98,118,132,107,92,124,113,104,95,66,51,105,23,60,56,28,10,34,37,24,14,8.5,4.3,83,26,95,19,96,15,32,52,10,15,4,2,104,28,103,22,42,109,24,50,90,33,51,34,28,95,92,100,81,78,76,68,67,79,109,116,104,34,11,68,68,72,40,72,56,52,116,136,134,81,89,133,132,107,123,158,81,66,147,60,62,57,165,110,80,158,W-2053,1,1,1
180,178,92,134,147,123,99,126,117,108,92,74,50,109,23,68,53,31,17,37,39,24,11,12.5,3.3,94,22,102,19,98,16,35,50,9,19,7,1,117,33,115,31,47,125,28,64,93,23,25,34,29,90,89,101,77,73,71,66,66,82,121,122,104,36,14,71,66,66,47,80,58,43,130,139,133,95,124,122,132,119,121,153,87,53,140,64,67,62,147,95,83,153,W-2115,1,1,1
168,166,90,119,126,100,79,116,108,100,100,59,44,97,23,59,56,19,12,34,35,20,10,4.6,1.6,81,23,88,13,88,11,39,45,10,17,4,2,95,27,100,25,41,114,28,59,89,26,45,31,23,80,86,96,70,70,69,63,64,79,105,115,105,40,14,64,81,63,36,77,55,48,121,147,144,90,110,126,128,119,121,151,59,70,129,64,66,56,170,103,79,151,W-3022,1,1,1
186,183,97,125,135,117,99,122,108,93,99,70,52,110,26,60,56,22,9,32,38,25,14,11.1,2.7,94,28,102,22,101,17,37,55,14,24,8,2,118,39,105,25,49,138,35,69,83,22,34,36,24,99,99,105,84,84,79,72,72,85,123,126,106,33,6,69,71,68,42,76,55,49,118,133,129,84,128,129,126,123,113,167,56,0,56,55,74,39,124,98,73,167,W-3131,1,1,1
168,167,99,122,132,107,92,129,122,103,98,66,51,112,25,58,54,31,12,38,38,23,13,8.1,3.4,91,25,98,18,98,14,37,51,9,16,3,1,107,32,99,22,40,107,25,47,89,22,52,36,29,92,94,100,79,75,74,67,69,79,107,114,99,42,15,69,70,71,39,76,52,52,122,140,138,83,100,131,129,126,118,152,77,87,164,59,62,64,164,108,88,152,W-3161,1,1,1
182,178,101,127,135,109,94,125,118,108,101,71,49,108,23,65,58,26,11,37,39,21,12,7.4,4.2,87,23,100,21,97,15,32,48,8,18,6,4,103,28,102,22,44,121,23,55,88,30,46,37,28,94,90,102,80,77,74,68,67,77,117,118,106,41,11,75,69,69,41,77,52,51,124,134,136,82,83,133,138,111,123,159,76,88,164,57,66,53,164,103,84,159,W-3173,1,1,1
170,169,100,123,128,109,94,121,109,95,106,69,51,107,25,63,59,31,14,35,36,23,15,10.7,2.7,85,26,97,16,97,14,37,57,12,18,5,2,109,35,102,22,44,107,24,50,86,21,37,33,26,91,96,106,79,80,75,69,70,85,109,115,101,39,15,70,75,66,39,75,53,52,117,143,135,75,126,133,132,127,115,149,78,86,164,61,61,57,172,107,85,149,W-3182,1,1,1
171,168,95,124,134,115,93,125,116,100,98,68,49,113,23,64,55,25,10,32,32,25,13,8.7,3.4,89,22,99,17,98,12,37,50,11,21,5,1,111,32,96,24,37,121,36,57,88,21,41,36,29,88,91,101,75,73,70,65,68,79,112,113,101,44,14,71,72,67,41,81,50,49,127,142,137,88,104,125,118,129,120,153,64,82,145,56,69,60,145,101,86,153,W-3210,1,1,1
180,178,95,128,132,109,92,119,112,100,95,58,44,107,23,65,51,26,12,33,36,24,11,8.8,2.9,92,24,96,15,95,10,24,43,8,19,4,2,101,29,106,29,42,124,29,60,90,23,36,33,29,86,87,96,75,76,75,67,65,75,113,119,107,41,15,69,72,72,36,79,54,47,125,145,148,95,113,121,130,124,120,150,68,89,158,63,69,55,159,100,80,150,W-3269,1,1,1
178,175,89,117,125,105,90,115,106,96,88,66,45,99,27,59,52,26,8,34,37,19,9,8.6,2.7,79,21,89,15,91,16,32,46,9,14,4,1,103,38,106,31,53,131,32,72,69,14,14,34,29,91,88,96,81,75,78,67,66,78,111,118,92,29,9,68,67,69,44,73,60,47,124,143,130,93,116,119,128,121,107,161,50,29,78,62,80,32,159,93,69,161,W-3318,1,1,1
169,166,89,122,142,110,91,122,112,97,93,64,43,108,25,65,56,29,12,31,35,23,10,5.5,1.6,87,19,97,16,97,9,33,50,11,20,3,4,108,30,108,24,42,102,20,51,98,33,55,27,26,88,86,98,75,76,73,69,69,75,114,118,105,26,10,76,73,66,41,76,59,45,133,143,151,98,120,130,137,112,122,160,74,63,136,63,55,67,169,104,81,160,W-3378,1,1,1
177,175,91,118,128,106,89,118,113,99,91,66,47,101,23,61,51,26,8,33,37,24,8,10,2,82,27,92,19,94,18,35,55,12,19,4,2,108,32,102,22,41,112,22,55,89,32,46,33,27,86,88,97,79,74,69,63,63,78,109,114,106,36,9,64,69,69,43,75,57,48,113,135,124,113,136,132,137,109,119,162,78,50,128,62,63,53,128,105,79,162,W-642,1,1,1
181,179,95,130,139,117,95,127,120,101,95,60,44,112,26,65,56,24,8,33,36,26,10,15.6,3.9,93,24,101,20,99,13,35,54,11,19,4,2,115,38,109,26,44,123,27,58,92,27,44,32,25,92,93,100,79,78,71,68,68,81,117,119,105,38,15,69,72,72,37,79,55,46,125,137,139,105,127,128,132,119,113,152,78,75,153,62,67,60,153,100,82,152,W-657,1,1,1
174,172,93,123,134,103,87,118,111,100,97,67,50,101,24,62,53,27,10,33,36,21,10,7.8,3.9,88,27,91,11,91,12,31,51,11,18,5,2,110,33,103,24,42,111,23,54,94,28,51,34,24,91,92,99,79,78,74,67,65,80,116,119,106,36,8,70,73,66,41,78,55,48,117,153,142,93,90,129,135,118,118,164,82,78,160,58,60,61,160,104,84,164,W-668,1,1,1
180,178,97,125,135,115,99,128,115,106,100,64,47,114,23,61,59,25,10,33,36,24,9,8.3,1.2,92,24,99,13,97,12,40,55,12,22,2,3,116,34,106,25,41,117,22,61,94,30,39,34,28,89,96,104,80,80,76,70,71,81,111,114,106,41,15,70,74,69,38,76,55,49,125,151,142,106,148,128,139,114,119,151,73,79,152,63,65,62,152,104,82,151,W-685,1,1,1
193,190,107,133,148,125,105,126,117,111,103,72,52,116,28,72,55,26,9,36,39,29,14,11.8,2.9,90,25,106,21,100,16,37,57,11,20,5,4,119,30,113,26,49,125,31,57,99,30,51,33,28,100,98,105,89,84,78,72,71,84,122,131,113,39,10,75,67,73,40,74,55,51,122,137,133,92,128,130,127,118,126,161,60,81,141,60,64,59,141,105,81,161,W-704,1,1,1
181,178,96,125,134,111,95,130,118,107,102,64,47,113,23,63,61,29,11,34,38,25,13,7.9,2.8,96,26,101,19,101,12,28,53,12,21,4,3,98,23,106,23,43,113,23,48,98,27,28,37,24,91,96,106,78,80,74,69,72,78,112,117,107,42,15,72,76,66,38,76,55,48,123,139,144,88,109,132,135,115,130,151,81,79,160,62,62,66,160,106,84,151,W-868,1,1,1
178,177,102,132,133,112,97,123,113,106,101,67,46,109,26,64,59,32,12,34,39,27,16,11,4.4,91,25,103,20,101,12,35,47,8,22,5,2,113,36,105,25,46,120,24,61,99,24,46,33,27,95,94,105,78,77,77,70,69,85,119,120,106,39,14,66,70,72,39,79,51,49,122,138,145,80,103,129,136,128,115,152,75,77,152,57,64,69,152,102,85,152,W-928,1,1,1
182,179,98,121,137,114,96,133,128,109,105,70,51,114,28,70,59,27,12,34,38,29,12,11.6,3.4,97,27,105,21,103,14,35,53,10,25,6,4,110,32,103,22,48,116,25,58,88,29,43,39,34,95,99,108,80,81,73,69,71,88,112,116,102,39,10,76,75,65,40,74,55,51,122,136,138,101,119,134,133,113,120,162,83,75,158,59,65,58,172,105,84,162,W-931,1,1,1
180,179,97,129,135,112,93,120,114,106,100,67,48,104,25,60,54,28,11,32,34,26,11,7.6,2,90,26,96,17,94,13,35,51,11,21,4,2,114,34,104,23,42,113,23,51,102,26,39,35,26,89,95,103,79,79,75,69,70,83,113,119,110,43,17,69,73,68,40,80,53,48,120,141,136,100,124,131,135,124,118,147,74,85,158,61,61,68,158,106,84,147,W-933,1,1,1
179,178,97,123,134,110,95,125,115,107,99,70,48,113,27,56,52,29,12,34,40,23,13,13,2,93,22,100,19,101,13,39,54,14,19,5,1,109,32,101,20,40,120,25,65,98,27,42,36,24,91,95,102,80,77,74,69,71,79,112,119,111,40,12,73,71,68,42,77,53,50,129,138,143,83,146,135,135,122,119,156,79,79,158,59,65,61,158,107,79,156,W-938,1,1,1
191,190,90,124,139,120,99,134,126,113,91,62,54,111,28,57,52,25,12,36,36,25,12,9.8,3.9,94,27,100,14,100,14,37,56,11,16,6,2,122,42,115,28,52,128,24,61,100,35,49,34,29,89,94,98,77,75,76,70,67,74,117,122,118,35,9,78,71,69,40,73,63,44,120,149,135,92,103,128,139,110,111,164,89,41,130,66,66,51,132,102,73,164,W-967,1,1,1
181,180,102,135,138,117,101,136,121,113,105,70,53,125,28,69,59,30,10,32,39,29,13,15,5.5,98,23,107,20,106,15,47,62,12,24,8,2,115,31,111,20,52,124,27,67,95,22,39,33,29,95,101,109,83,85,75,71,77,89,120,122,106,39,16,76,73,68,39,79,54,48,130,139,136,96,107,140,133,129,123,150,80,80,160,61,66,63,160,100,84,150,T-1081,2,1,2
190,188,101,138,138,116,98,140,126,117,102,79,54,122,24,68,57,31,14,33,41,27,14,10.4,5,93,26,103,17,106,13,38,56,15,20,8,2,116,36,115,22,51,125,23,52,95,23,36,40,31,95,101,108,82,70,81,77,73,80,124,126,112,45,17,73,68,66,46,79,55,46,122,143,144,88,92,138,139,126,116,150,84,74,158,62,64,57,158,100,86,150,T-1117,2,1,2
175,170,96,140,145,120,98,138,126,110,104,63,49,118,25,64,57,31,13,32,37,24,10,7,2.8,99,24,102,15,100,10,35,54,12,23,7,4,122,44,106,22,45,120,26,61,98,26,50,36,29,89,98,105,79,80,75,72,72,93,127,127,109,41,14,75,79,65,36,88,49,43,128,147,149,100,103,134,133,124,108,155,79,90,169,55,61,64,169,96,89,155,T-1342,2,1,2
185,177,96,142,139,120,105,133,124,110,98,59,43,114,25,61,55,32,12,31,35,29,8,8.9,3.1,91,24,102,14,99,15,35,58,12,21,8,6,117,42,114,27,41,125,28,68,93,21,39,37,30,87,93,100,79,79,75,71,68,78,123,126,109,44,20,77,74,70,35,85,53,42,124,149,131,122,110,126,131,130,109,144,84,90,173,63,65,57,174,95,86,144,T-1349,2,1,2
186,185,100,125,145,118,102,129,118,106,101,76,54,120,31,64,62,33,19,36,38,27,14,8.3,2.6,105,28,102,19,103,11,35,56,15,27,6,2,118,35,116,28,49,124,27,62,86,26,32,34,25,100,98,108,85,82,82,75,69,85,120,123,106,30,8,68,68,67,44,70,61,49,124,139,147,88,116,128,133,115,119,165,54,30,84,63,66,42,156,102,76,165,T-143,2,1,2
187,185,100,124,140,122,103,131,116,107,102,72,55,121,26,62,57,25,11,33,40,26,16,11.3,5,97,24,104,20,104,14,39,57,13,19,7,3,121,38,112,28,46,123,26,60,87,22,30,37,28,100,98,107,85,84,82,76,75,86,116,119,103,36,9,75,71,68,42,71,59,50,127,138,140,78,97,126,134,123,116,162,77,58,135,62,68,54,162,103,81,162,T-355,2,1,2
186,182,99,132,141,114,96,128,116,109,99,71,50,115,25,67,55,32,11,32,37,27,13,10,3.2,95,25,102,18,101,12,38,55,12,22,5,2,113,32,107,22,41,125,28,66,97,29,44,38,28,92,93,102,79,77,71,68,65,79,121,127,110,42,13,74,69,69,42,80,53,48,124,141,143,92,115,133,132,118,121,155,81,80,162,58,65,61,162,100,84,155,T-360,2,1,2
179,176,97,135,131,113,100,130,118,108,91,65,53,111,22,56,51,26,11,36,38,21,13,8.3,5.9,88,26,97,20,94,14,35,46,6,22,8,3,113,40,107,25,47,124,26,58,88,26,38,39,30,93,95,98,80,78,73,69,68,78,121,121,100,43,15,65,65,75,40,83,52,45,119,135,138,78,70,129,134,118,109,151,85,66,151,58,67,61,151,96,90,151,T-368,2,1,2
205,202,112,137,136,116,101,139,130,116,113,71,51,105,27,72,58,36,19,35,40,28,12,8,2,93,27,111,23,107,16,42,64,12,22,8,4,111,34,118,26,48,135,28,55,98,30,48,35,26,103,106,113,89,87,79,75,78,93,123,129,118,42,13,79,72,71,37,73,55,51,120,135,134,99,127,131,134,117,117,157,66,87,153,62,68,52,159,105,77,157,T-36R,2,1,2
197,195,104,130,129,115,98,133,118,113,106,68,50,119,27,62,56,24,14,36,40,26,11,9.7,2.4,99,20,106,20,104,16,38,57,12,23,5,3,112,32,110,24,43,139,30,72,89,21,23,36,30,95,94,105,84,84,75,73,72,84,118,120,112,44,13,76,73,70,38,75,55,51,136,139,134,100,127,131,133,120,121,155,60,82,142,61,74,48,158,100,76,155,T-371,2,1,2
183,181,98,124,138,112,91,129,120,110,105,75,52,112,24,74,64,28,15,33,37,24,15,6.8,2.6,92,26,101,20,99,13,38,55,11,24,7,3,110,30,106,24,43,121,27,57,93,25,37,36,31,93,94,107,80,78,72,68,68,84,114,122,110,40,11,70,73,63,43,75,56,50,121,137,140,77,105,130,132,122,123,159,77,82,159,61,65,55,159,106,80,159,T-381,2,1,2
176,175,98,122,133,114,103,134,121,102,100,58,44,123,27,65,54,28,13,34,40,29,11,10.7,3,95,20,105,18,107,13,40,50,10,18,6,2,112,34,103,24,47,116,27,59,86,23,39,34,28,94,95,102,83,78,77,70,72,84,114,116,100,37,9,73,75,71,34,75,55,51,134,142,143,106,121,130,130,123,117,163,78,80,157,58,65,58,157,103,84,163,T-391,2,1,2
192,188,106,131,146,125,102,137,124,113,104,69,51,121,28,62,58,28,11,34,38,27,14,11.8,4.8,97,25,103,20,103,14,38,53,12,19,9,5,115,31,108,21,49,131,30,61,91,23,37,38,32,99,100,106,85,82,80,75,73,82,119,124,110,44,13,73,69,72,38,75,53,52,125,138,138,88,102,137,131,125,123,156,71,85,156,59,70,54,156,103,81,156,T-398,2,1,2
176,175,95,123,136,116,95,122,118,104,95,74,55,108,27,66,54,26,9,36,40,24,14,12.1,1.7,95,25,95,19,97,17,31,45,9,19,5,6,113,37,108,22,44,122,29,64,82,24,34,32,28,92,88,97,79,73,72,62,62,76,117,121,100,35,6,73,67,67,46,74,58,48,124,136,131,81,149,134,129,118,114,168,65,72,137,61,68,50,137,97,82,168,T-46R,2,1,2
191,189,99,129,145,124,104,143,129,113,96,78,57,124,25,68,58,32,14,38,39,27,12,12.5,4.6,96,30,107,21,105,14,36,54,9,24,8,2,123,38,119,31,50,120,25,65,91,28,38,39,28,97,97,103,84,78,77,71,63,80,120,123,111,39,10,82,64,68,47,72,61,47,116,137,139,97,107,124,135,116,117,162,83,48,130,66,62,50,145,103,82,162,T-486,2,1,2
189,187,104,143,141,122,105,140,127,103,100,72,52,126,29,70,57,36,15,33,41,30,12,12.1,4.2,104,26,112,22,110,15,40,60,13,27,9,3,118,41,116,22,49,126,25,64,101,30,50,36,28,100,100,108,87,84,78,74,72,89,127,129,111,38,17,80,66,72,41,81,53,46,127,137,138,103,110,138,137,119,110,150,83,66,150,60,64,65,163,100,84,150,T-500,2,1,2
178,174,95,134,134,112,91,129,120,112,98,74,55,115,28,65,58,32,14,34,37,23,11,3.6,1.4,94,22,99,15,96,11,39,56,13,24,6,2,105,32,108,27,42,111,22,42,90,25,34,36,33,89,94,104,76,75,74,68,69,81,121,123,104,41,14,69,70,65,45,82,53,45,130,146,146,93,104,125,135,120,117,154,79,68,147,60,59,59,147,98,91,154,T-508,2,1,2
184,180,101,134,133,115,99,124,113,109,109,67,47,112,25,62,61,25,8,34,38,22,9,8.2,2.1,95,26,98,19,97,15,27,48,9,22,6,3,113,41,114,28,47,122,24,57,92,21,33,33,27,93,96,106,82,81,75,71,62,83,126,126,112,40,11,70,78,65,37,77,56,47,123,138,135,101,126,127,137,128,108,158,58,71,129,61,61,51,166,99,85,158,T-514RR,2,1,2
185,184,104,135,136,118,91,132,122,100,104,74,52,117,23,69,58,26,11,34,38,21,10,5.5,1.9,94,26,95,16,94,16,41,60,13,19,7,3,115,36,111,25,48,124,30,63,92,23,41,39,30,98,103,112,86,84,81,76,75,89,118,124,107,41,19,71,69,69,42,78,53,49,122,143,132,93,111,131,128,126,116,145,82,70,152,61,67,58,168,103,83,145,T-518,2,1,2
196,193,104,132,136,119,100,136,126,106,111,74,53,122,28,75,63,31,10,33,42,28,12,10.8,5.1,105,29,109,21,108,14,38,60,11,26,6,2,110,27,117,28,50,131,26,64,92,27,39,41,30,100,104,113,86,88,77,74,74,95,122,123,110,45,10,75,75,65,40,73,58,49,122,138,142,99,93,128,137,118,128,162,73,81,154,63,69,55,154,101,84,162,T-618,2,1,2
184,182,100,132,132,115,92,128,117,103,98,65,49,114,25,63,57,33,12,32,38,26,13,8.7,3.2,92,27,100,20,99,13,38,62,13,20,6,2,110,33,107,25,46,115,23,65,100,26,43,39,31,93,95,102,81,77,73,68,67,82,116,121,111,44,16,72,69,73,38,79,53,48,119,136,141,90,107,129,136,124,118,149,83,80,163,60,61,64,163,107,85,149,T-619,2,1,2
190,188,101,132,150,128,102,131,114,105,105,71,52,119,26,64,59,31,10,35,39,26,13,8.8,2.4,98,26,104,18,102,17,37,55,13,20,9,3,127,42,117,27,45,120,25,63,99,32,53,31,24,102,101,111,90,85,82,76,73,93,124,125,110,31,9,75,73,67,40,74,58,47,124,142,130,90,123,128,135,114,113,162,82,50,132,61,61,61,148,104,81,162,T-628,2,1,2
184,182,97,126,135,108,89,119,112,96,99,79,52,108,21,68,55,31,13,34,39,25,12,11.6,3.6,93,25,98,19,98,13,34,53,12,24,7,3,103,26,106,25,37,123,27,62,92,22,42,34,24,95,94,105,83,79,77,70,67,84,115,120,107,35,13,70,68,65,48,77,55,48,123,138,142,92,116,126,133,129,126,154,84,66,149,60,67,56,162,104,78,154,T-704,2,1,2
191,187,97,132,145,123,95,130,123,105,93,70,48,115,24,61,51,32,16,31,40,22,13,8.2,4.8,93,21,98,21,98,15,38,56,12,24,5,5,120,36,111,25,48,133,29,69,95,32,51,33,29,94,92,99,82,80,75,70,69,80,123,126,109,37,10,75,65,71,43,78,55,46,131,134,137,80,81,131,133,112,118,162,74,56,130,60,70,58,130,97,80,162,T-705,2,1,2
190,187,110,139,142,117,106,140,122,117,113,69,48,119,27,75,65,34,15,33,42,24,13,9.7,3.5,95,27,105,22,103,17,43,61,13,21,9,4,120,38,116,25,53,124,30,64,99,24,52,30,30,106,102,115,92,87,84,77,78,95,127,131,108,35,11,71,74,70,36,76,54,50,121,135,134,85,108,133,128,128,115,160,72,82,154,59,63,66,154,102,85,160,T-711,2,1,2
184,183,97,118,130,114,98,131,116,99,106,73,51,120,27,74,64,29,8,38,42,27,12,6.4,1.1,100,27,107,20,105,17,39,58,14,22,6,4,109,29,101,25,43,122,27,63,89,24,45,39,32,100,103,115,89,85,81,75,75,87,110,116,101,37,10,75,76,62,42,73,55,52,123,139,134,97,142,127,132,123,124,160,71,27,98,57,71,61,136,108,79,160,T-712,2,1,2
178,178,104,128,133,115,99,133,119,118,110,79,52,117,25,67,62,27,15,38,39,27,12,10.5,3.1,94,25,104,18,104,15,38,54,11,24,5,3,108,31,107,25,49,115,22,53,86,23,34,33,28,102,106,117,91,88,79,76,77,96,118,122,99,32,12,72,72,64,43,75,54,52,124,142,136,97,119,130,138,122,120,157,75,57,132,58,63,57,162,104,85,157,T-733,2,1,2
197,193,107,142,143,113,96,133,121,112,105,66,53,117,28,58,57,27,16,32,41,26,13,9.4,3.3,92,28,105,21,103,17,38,57,11,21,6,5,115,35,114,24,57,126,26,60,106,31,44,35,30,100,103,108,88,85,81,74,74,87,125,128,112,42,17,73,70,74,36,80,52,48,117,136,132,90,110,134,135,118,117,149,78,84,162,60,64,71,162,102,85,149,T-742,2,1,2
198,195,102,126,133,114,95,125,109,100,101,73,53,114,23,48,53,31,11,34,40,25,15,5.7,2.1,85,27,99,22,98,19,41,61,12,18,6,2,111,37,111,27,46,141,31,72,87,29,39,32,26,103,101,107,92,86,82,75,72,83,121,125,106,30,7,74,68,70,42,72,57,50,115,132,126,80,107,127,133,112,113,165,67,32,99,59,76,44,145,99,70,165,T-770,2,1,2
184,182,106,124,134,111,95,126,113,99,107,72,55,116,22,67,58,31,14,33,38,25,14,10.2,3.1,97,29,103,21,101,14,41,60,13,25,4,3,109,31,103,21,40,109,22,56,95,28,41,33,28,105,109,115,93,91,84,79,78,93,115,117,103,31,12,75,71,69,40,73,53,55,118,136,138,84,117,134,136,118,121,156,70,51,120,56,60,67,161,112,83,156,T-780,2,1,2
189,187,110,136,141,125,106,137,122,111,108,76,55,121,28,71,57,35,12,34,41,31,12,10.5,2.7,100,24,109,19,108,16,36,55,10,24,11,2,122,38,115,29,50,118,21,63,93,25,44,36,29,99,99,108,84,84,81,71,75,84,120,121,110,44,16,77,68,71,41,74,55,51,129,142,135,105,126,126,141,123,116,151,71,86,156,62,62,56,165,105,87,151,T-788,2,1,2
183,182,106,129,148,116,96,149,133,114,106,70,49,131,30,59,56,36,21,35,40,28,11,10.1,3.3,107,27,108,21,107,14,36,57,12,25,7,3,111,30,106,20,45,114,21,57,94,25,45,37,30,98,101,107,87,85,78,74,74,88,116,117,105,45,15,78,71,71,39,75,53,53,126,137,140,104,114,138,140,124,123,155,67,90,157,59,62,64,157,106,89,155,T-790,2,1,2
197,194,103,134,144,115,92,126,115,111,112,74,50,113,24,66,62,28,12,36,37,23,10,4.8,3.3,91,31,97,20,95,13,42,59,11,23,6,4,109,30,118,25,51,127,27,60,97,31,42,39,24,101,109,118,90,89,82,79,77,100,124,127,112,40,12,72,77,63,40,74,58,48,111,135,140,98,72,133,134,114,122,156,86,63,149,62,65,58,157,102,83,156,T-796,2,1,2
192,188,103,136,148,119,99,136,129,112,102,74,56,118,27,68,55,34,11,32,40,25,13,9.6,4.1,96,25,101,19,99,13,41,61,13,24,6,3,118,36,117,31,45,124,25,67,96,28,45,37,33,97,100,106,85,83,80,76,75,83,122,123,109,43,14,71,68,70,42,76,57,47,125,139,143,88,99,122,136,119,117,155,74,77,151,63,65,61,151,100,86,156,T-798,2,1,2
177,174,95,124,132,110,93,131,122,113,100,63,44,122,25,65,58,30,12,34,38,24,9,6.4,2.2,100,22,100,15,100,11,27,49,10,21,3,2,95,21,101,20,39,112,22,49,98,24,49,39,33,85,90,100,74,74,71,65,67,78,110,115,109,48,14,74,76,67,38,78,53,49,132,147,147,106,111,135,137,128,132,154,57,86,143,61,62,64,151,106,86,154,T-811,2,1,2
189,184,100,137,149,127,102,137,130,112,109,70,49,120,27,65,64,35,15,31,37,29,13,7.2,2,89,20,105,17,103,13,43,58,11,22,5,5,124,38,123,30,56,127,25,64,89,24,45,38,29,94,94,107,80,81,78,72,74,81,127,127,110,43,10,73,78,64,39,75,60,45,132,144,140,96,122,128,137,123,117,162,66,76,142,66,64,50,170,95,86,163,T-816,2,1,2
191,189,100,126,134,121,107,135,124,111,102,74,51,123,30,66,57,28,12,35,38,27,11,8,1.9,90,19,107,15,105,12,35,52,13,21,6,3,108,29,117,28,45,124,26,59,91,23,36,37,29,91,87,98,77,74,76,70,66,75,120,129,117,45,9,74,70,67,43,70,61,48,134,149,144,102,129,127,134,125,124,163,30,61,92,66,63,45,149,102,80,163,T-817,2,1,2
184,182,112,133,136,119,100,134,122,105,106,69,49,114,29,65,62,27,12,34,40,27,7,9.5,1.1,105,28,104,20,103,15,30,53,10,23,8,2,114,34,110,24,43,119,25,60,95,25,43,36,31,98,100,112,87,84,79,73,72,89,118,119,104,39,15,78,67,76,37,74,53,54,124,138,137,125,154,131,134,124,118,152,90,70,160,60,64,66,160,103,85,152,T-825,2,1,2
196,190,94,125,142,124,98,135,119,110,94,72,50,116,24,62,51,32,14,33,37,22,9,7,4.1,94,21,99,17,97,12,35,56,11,25,7,2,117,35,116,30,49,137,29,66,85,25,39,35,28,94,91,99,83,80,78,73,68,80,120,126,108,34,7,76,67,67,45,72,62,46,132,142,143,101,81,124,134,119,118,167,76,46,122,64,74,40,150,96,72,167,T-826,2,1,2
185,181,96,128,132,113,97,128,113,98,101,69,52,117,26,71,58,24,14,34,37,26,10,9.7,3,95,25,98,17,99,16,41,57,12,24,6,3,109,35,110,27,44,126,28,66,83,23,34,38,27,96,100,108,83,83,79,72,74,87,119,119,102,37,11,69,73,66,41,76,57,47,124,142,130,105,117,126,132,121,115,158,76,53,129,60,69,50,156,98,82,158,T-836,2,1,2
192,189,106,136,135,120,104,137,126,111,101,74,54,128,27,73,57,36,15,38,43,29,14,11.6,4,110,29,112,21,111,19,31,51,10,27,6,2,117,38,113,28,46,138,30,71,78,15,16,39,29,104,102,108,91,84,83,76,70,83,124,126,100,38,14,77,65,73,42,77,54,49,124,139,129,92,111,126,133,123,114,155,76,63,139,59,75,45,168,96,81,155,T-980,2,1,2
193,187,102,131,140,128,98,127,118,99,102,72,50,112,25,71,57,31,12,32,36,23,17,8.8,3.5,82,23,92,16,90,13,33,49,9,16,4,1,111,40,105,25,47,120,25,55,80,20,25,35,26,102,98,109,86,87,84,79,79,87,122,124,109,36,11,70,69,69,41,79,52,50,121,142,139,68,103,129,135,121,108,159,86,53,139,55,62,30,147,106,77,159,T-9R,2,1,2
188,186,100,131,146,123,104,134,124,109,101,73,52,113,25,64,54,35,12,33,36,26,13,10.3,3.1,101,25,100,17,101,13,36,59,12,24,6,3,123,36,111,25,42,125,28,68,100,22,50,37,29,94,96,105,80,79,74,70,70,84,117,124,112,42,15,82,69,68,43,77,55,48,127,142,139,90,118,129,131,132,119,153,81,79,160,62,66,63,160,104,81,153,W-1008,2,1,2
190,187,107,133,138,110,89,138,121,110,105,67,51,119,29,75,61,35,11,37,40,22,14,7.4,4.9,101,30,103,16,102,15,40,61,13,24,5,5,105,29,120,27,51,123,26,64,100,29,48,35,29,97,103,110,83,84,82,76,73,85,122,125,110,39,13,74,70,73,37,71,59,50,119,145,137,76,74,131,134,120,122,156,82,71,153,65,64,65,153,101,84,156,W-1055,2,1,2
169,168,93,119,138,113,90,122,106,105,99,67,46,104,19,65,56,28,12,35,39,15,7,5.2,3.6,82,31,91,21,89,12,36,57,8,18,5,3,112,36,104,22,42,113,25,58,82,17,25,34,26,97,97,105,86,81,77,70,68,87,107,107,95,31,29,68,74,65,41,74,57,49,106,130,145,94,72,133,132,129,115,123,58,86,144,61,68,56,208,106,80,123,W-1067,2,1,2
179,178,101,141,135,121,99,129,121,103,103,71,50,111,23,66,61,30,12,34,41,23,15,8.1,4,88,28,101,20,101,17,45,59,11,22,10,3,124,44,116,28,46,119,28,57,94,24,47,33,29,98,104,107,87,82,80,73,73,84,128,130,108,31,11,73,71,68,41,81,54,45,115,137,132,75,91,127,130,126,109,159,70,72,141,60,60,56,182,99,84,159,W-1071,2,1,2
189,185,103,129,136,115,92,136,126,110,101,69,50,117,26,67,55,28,13,36,40,26,15,9.8,3.9,100,27,104,18,105,15,36,54,11,21,5,5,108,28,113,24,46,117,25,57,96,26,44,38,31,109,99,106,87,82,82,76,72,82,118,123,109,42,13,74,69,72,40,73,57,50,123,142,137,82,103,133,134,123,125,157,81,71,152,60,62,61,152,112,85,157,W-1108,2,1,2
172,172,97,122,125,102,90,125,111,93,98,68,53,115,28,62,54,29,15,33,39,25,13,9.5,3.1,97,25,98,17,98,13,43,58,13,25,5,4,85,23,102,16,57,118,26,68,80,20,31,33,29,93,97,104,82,85,84,77,76,84,111,112,97,32,12,72,70,69,41,76,54,50,125,142,142,88,114,145,132,125,123,156,75,63,138,59,69,49,168,102,79,156,W-1190,2,1,2
183,181,103,127,139,114,95,127,115,105,109,63,47,110,28,60,58,27,12,33,38,24,9,7.1,1.6,91,26,101,15,99,12,37,58,12,21,6,4,112,29,105,27,45,112,23,55,87,23,33,40,32,95,102,110,85,85,80,75,75,88,112,117,107,42,15,76,78,68,34,75,53,52,121,147,144,106,131,125,135,122,125,151,87,90,177,60,61,51,183,109,84,151,W-1368,2,1,2
180,178,103,132,136,120,96,133,119,100,108,68,51,114,24,69,59,29,13,32,35,26,15,7.7,4,92,28,100,19,98,14,42,55,10,19,7,4,118,38,107,23,52,122,30,68,87,21,48,39,31,95,103,109,81,82,76,73,76,82,118,122,102,46,15,73,75,67,38,78,52,50,117,138,134,82,88,133,127,128,114,152,72,90,161,59,67,58,162,100,90,152,W-1383,2,1,2
197,195,101,131,138,114,98,127,118,106,101,77,54,115,26,67,61,31,10,36,39,27,11,11.1,4,92,25,105,21,104,19,44,57,9,24,6,4,112,39,116,26,47,134,29,68,103,33,44,31,25,101,102,111,87,86,81,74,75,86,120,125,114,31,14,74,68,68,45,74,58,48,123,136,124,102,108,130,133,114,110,153,77,47,124,63,70,62,150,104,73,153,W-1399,2,1,2
190,187,104,129,145,116,93,135,125,109,105,73,55,120,25,73,57,33,15,34,39,27,12,7.1,3,99,26,102,16,101,14,38,57,12,25,4,2,105,22,107,26,41,121,24,57,95,30,51,34,30,98,101,107,85,84,83,77,75,86,115,118,107,39,14,77,70,69,41,75,53,51,125,145,139,97,100,126,137,115,135,155,80,86,165,60,66,62,165,106,81,155,W-698,2,1,2
182,179,95,125,134,115,98,126,120,110,95,74,51,110,25,63,57,26,14,35,36,25,13,9.1,3,91,24,97,18,95,13,41,52,11,21,5,2,105,28,104,25,41,116,23,58,93,27,43,36,25,93,92,104,81,75,75,69,70,80,113,115,105,36,14,69,67,67,46,78,54,48,124,139,139,88,113,127,137,120,124,154,79,53,132,60,64,61,154,105,81,154,W-703,2,1,2
194,192,97,135,141,120,97,133,125,109,101,71,50,113,25,68,59,27,13,34,38,20,12,6.3,3.5,94,25,100,13,99,13,35,52,10,21,4,3,113,36,123,34,49,128,24,67,89,31,38,37,28,93,95,105,82,81,82,74,72,84,124,125,112,39,12,79,72,66,42,75,61,44,124,151,141,80,84,121,139,109,115,158,89,74,163,67,65,45,163,97,80,158,W-705,2,1,2
180,177,102,129,136,113,97,131,116,110,102,73,54,117,22,61,58,32,13,36,37,25,14,7.4,1.7,95,20,100,16,99,13,36,53,10,23,6,1,105,27,103,24,39,116,22,57,87,26,48,38,29,95,95,105,85,82,79,72,74,80,117,118,104,41,14,70,69,69,42,78,51,51,134,145,140,84,131,128,138,118,126,153,88,81,169,57,63,55,169,104,87,153,W-709,2,1,2
192,188,99,125,138,118,100,134,126,112,105,70,50,116,28,70,63,31,14,35,38,25,12,6.8,3,94,25,107,19,104,14,35,52,13,22,6,4,110,26,108,27,44,115,24,55,101,30,50,41,30,97,100,110,92,79,78,74,72,84,113,122,114,45,12,80,75,65,40,74,56,50,124,141,138,92,97,126,135,119,129,158,78,68,147,61,61,62,147,112,82,158,W-716,2,1,2
180,178,104,128,128,108,89,128,117,110,104,65,48,112,25,67,57,32,15,31,37,24,13,10.9,6.7,86,25,98,19,95,14,38,57,11,19,6,2,100,25,105,22,42,113,21,55,90,25,39,32,27,94,95,104,81,78,73,67,69,83,114,115,104,41,15,71,72,72,36,76,53,52,120,138,137,85,78,133,139,121,127,151,63,86,149,60,62,59,157,105,86,151,W-718,2,1,2
180,176,97,132,135,118,99,127,116,106,100,68,48,110,23,67,56,29,10,36,37,25,9,7.7,4.1,87,24,103,14,100,15,32,46,10,21,6,3,114,33,104,25,44,121,24,60,93,29,43,32,25,89,93,103,80,76,76,70,69,79,117,119,107,39,17,72,72,67,40,82,51,47,122,150,134,108,86,128,137,116,120,147,79,85,164,59,65,59,164,100,82,147,W-725,2,1,2
184,183,103,129,135,103,91,132,117,109,102,67,47,106,20,62,55,27,11,32,35,25,13,6.1,2.6,89,26,96,18,94,13,36,54,11,21,5,3,102,28,108,20,42,107,19,54,96,33,45,34,31,96,99,106,83,80,78,75,73,83,114,116,105,39,16,75,70,72,38,75,54,51,119,139,137,88,99,138,141,111,122,149,84,80,164,61,58,66,164,108,87,149,W-744,2,1,2
193,191,99,144,132,116,103,123,106,100,98,71,50,111,25,67,57,31,12,34,38,25,14,10.5,3.2,93,24,104,21,102,15,34,54,11,26,7,2,118,48,123,30,55,138,25,66,99,29,51,38,26,102,99,107,88,84,80,75,73,85,139,139,114,33,10,75,68,70,42,80,57,43,125,136,135,84,117,128,140,119,102,159,53,27,80,59,65,55,154,94,82,159,W-763,2,1,2
194,191,103,134,144,113,99,132,121,110,112,74,49,119,26,67,60,34,13,36,37,27,15,11.5,5,95,24,106,16,104,10,44,62,16,24,6,6,112,35,111,24,48,121,21,57,106,28,44,37,27,95,101,113,82,86,78,76,78,86,121,127,122,43,14,74,77,63,40,77,54,49,126,146,149,84,98,133,142,123,116,154,74,89,164,60,60,58,164,109,80,154,W-779,2,1,2
180,178,103,134,134,116,96,132,116,104,104,66,47,118,24,66,56,27,10,33,37,25,11,5.7,2.2,98,25,102,16,100,10,37,58,13,23,6,4,111,34,106,25,49,122,25,67,93,22,48,32,26,95,101,110,84,82,78,74,74,86,115,116,100,39,19,74,72,71,37,80,51,49,126,145,149,97,105,129,135,129,117,144,84,76,160,60,69,68,160,101,84,144,W-803,2,1,2
187,185,105,125,135,116,96,132,122,112,107,67,50,118,23,71,60,32,12,34,41,24,13,9.8,2.8,97,26,105,23,104,16,33,57,12,23,8,4,112,34,108,21,47,115,21,51,84,29,45,39,30,95,96,105,82,80,72,68,70,81,114,116,108,46,12,75,73,70,37,72,55,53,124,133,135,85,121,137,139,111,117,158,61,77,138,61,62,47,164,107,85,158,W-811,2,1,2
186,183,107,126,138,113,100,134,121,108,111,70,52,114,27,65,60,34,14,36,40,24,15,7.8,5,95,29,102,20,101,14,40,56,11,21,7,6,106,25,113,21,52,108,22,53,90,27,43,35,27,97,98,110,84,80,77,70,68,87,113,120,110,43,14,75,74,68,37,70,57,53,117,137,140,77,76,139,136,118,129,154,64,82,146,65,58,52,162,110,84,154,W-812,2,1,2
177,174,95,125,135,118,99,133,121,107,101,72,54,116,28,66,61,29,12,34,39,24,16,9,4.1,92,28,100,19,99,17,35,56,11,23,5,3,118,32,110,26,44,116,23,57,88,27,42,33,28,94,99,109,79,80,75,70,70,83,118,119,101,35,10,72,73,64,43,75,58,47,117,138,130,74,95,128,137,117,123,161,87,39,125,61,63,59,125,100,85,161,W-814,2,1,2
194,192,104,131,138,114,100,132,119,110,107,70,54,113,31,64,56,34,13,32,37,29,15,12.6,3.9,96,28,102,19,102,14,34,54,10,20,6,4,115,37,112,23,47,128,24,59,98,24,54,33,30,100,102,109,85,85,80,75,73,87,121,123,115,39,11,72,73,68,39,75,56,50,119,139,137,88,116,134,139,127,114,159,65,82,147,60,66,55,147,106,78,159,W-831,2,1,2
191,188,105,128,135,111,97,128,117,106,109,78,55,115,30,71,59,31,13,38,39,26,14,9.5,3.6,96,27,104,22,103,16,37,54,10,23,6,4,111,33,109,26,44,122,22,58,92,27,44,37,27,100,100,112,87,85,78,75,74,83,118,119,109,41,11,76,71,66,43,73,55,52,121,134,133,86,106,128,140,119,119,159,76,77,153,59,65,55,153,106,83,159,W-842,2,1,2
173,173,97,122,125,102,83,124,110,96,85,72,55,102,22,51,47,28,10,37,37,19,13,7.8,3.7,84,26,92,22,90,18,35,54,10,20,4,1,87,19,105,26,44,113,25,52,87,25,32,31,26,93,90,94,80,74,72,66,64,71,110,114,100,32,14,66,58,76,46,74,56,50,116,129,124,72,93,126,132,118,133,151,81,54,135,62,65,57,152,104,80,151,W-847,2,1,2
187,185,104,131,141,120,98,136,124,104,114,74,54,120,27,76,64,32,14,36,38,25,15,7.8,3.8,98,29,106,20,104,14,39,53,11,22,8,3,120,36,104,24,44,129,28,64,87,18,29,38,30,103,110,120,90,89,85,80,80,100,121,121,105,40,15,75,78,63,39,78,51,51,119,139,138,80,91,130,133,131,118,153,87,70,156,55,69,53,163,103,83,153,W-851,2,1,2
191,191,105,125,142,120,101,135,124,108,112,75,56,117,25,70,62,37,15,38,41,26,9,6.8,2.5,96,31,107,23,104,16,38,58,11,21,6,2,124,35,110,25,45,119,24,60,92,30,41,37,30,100,106,116,89,85,78,74,75,93,113,119,111,39,13,77,75,65,40,71,56,53,114,133,135,111,107,130,136,113,121,156,89,75,164,62,64,52,166,110,78,156,W-891,2,1,2
186,182,100,130,133,115,94,137,123,106,96,61,47,121,29,60,51,30,15,34,40,23,11,4,0.9,90,19,104,16,103,11,42,61,12,23,5,5,105,24,104,22,46,130,29,65,97,28,46,34,30,90,93,100,79,79,75,70,74,80,117,123,111,41,20,71,68,75,36,79,52,49,134,146,148,93,132,134,132,120,131,144,85,84,169,59,69,60,169,101,79,144,W-906,2,1,2
188,185,100,130,125,113,92,121,106,101,103,68,51,107,26,65,60,28,13,33,35,23,14,8.6,4.4,90,25,96,19,94,13,38,52,10,24,7,4,107,35,108,24,47,142,33,73,84,22,30,29,24,100,99,109,87,84,79,76,74,89,123,124,101,29,9,70,73,68,39,77,54,49,122,137,137,79,89,131,130,122,114,161,81,50,131,57,78,47,149,95,73,161,W-940,2,1,2
188,185,98,130,149,120,100,144,132,108,101,72,53,129,24,66,54,32,11,34,39,27,14,8.3,2.7,98,26,106,21,103,15,41,63,12,22,7,2,118,35,120,31,55,119,24,52,88,29,43,39,31,96,94,103,80,79,76,69,69,83,124,129,110,39,7,75,71,67,42,72,62,46,124,137,136,88,114,125,136,113,119,168,85,75,160,65,61,47,170,100,84,168,W-946,2,1,2
193,187,102,129,136,111,91,128,118,109,100,70,52,116,25,65,57,29,13,34,40,24,12,6,2.7,92,31,101,18,100,17,39,56,13,21,4,7,110,30,110,26,44,119,25,58,94,32,41,36,28,98,99,106,86,81,80,73,69,85,117,122,110,39,13,76,68,71,41,75,55,50,112,141,131,90,96,128,134,111,123,155,87,66,152,61,63,56,152,107,81,155,W-980,2,1,2
171,169,93,132,129,109,88,118,113,105,81,60,49,104,22,54,48,25,10,34,36,19,14,8.4,5.1,84,20,88,15,89,10,35,49,10,20,4,1,111,34,101,24,41,121,27,57,88,20,33,37,32,85,84,87,72,70,69,63,62,70,112,115,101,45,21,65,59,81,40,86,50,45,129,142,148,68,79,128,132,129,117,139,82,80,162,60,69,60,162,98,86,139,T-1016R,1,2,3
182,180,102,136,136,115,97,129,134,105,97,65,50,116,22,55,55,28,14,34,37,26,14,11.1,5.7,87,26,98,22,98,13,35,55,11,22,5,2,116,40,110,23,46,128,27,57,93,27,45,34,30,96,95,100,82,79,74,70,65,75,123,123,103,40,13,74,67,75,38,80,53,48,118,132,140,86,88,134,134,120,111,158,72,80,152,59,68,64,152,97,86,158,T-1100RR,1,2,3
170,167,94,120,130,107,89,119,112,106,84,60,45,104,19,45,50,27,12,32,35,22,11,8.4,3.4,83,23,92,18,92,14,25,45,8,18,5,2,102,25,103,23,40,108,21,50,90,25,40,35,27,89,85,89,77,73,71,65,58,69,110,110,96,41,12,68,62,80,39,75,56,49,122,137,134,90,102,130,137,121,128,156,68,69,137,61,63,69,137,102,90,156,T-1103R,1,2,3
174,171,90,123,140,117,91,120,118,101,84,57,44,103,21,52,57,24,8,32,36,22,10,7.1,2.7,77,21,93,15,91,13,33,47,9,19,5,2,118,37,102,25,45,119,28,55,91,26,34,33,30,83,81,87,72,67,67,60,58,68,110,117,102,40,14,71,65,77,38,79,55,46,123,144,139,95,105,127,129,118,116,153,70,82,152,62,68,63,152,99,82,153,T-1120R,1,2,3
176,174,95,133,132,110,93,121,112,106,79,59,52,109,23,61,43,26,14,32,38,22,12,11.3,6,85,21,95,20,95,15,32,48,9,22,6,3,109,36,109,25,52,115,24,52,95,25,40,37,31,87,81,84,74,68,69,61,59,69,117,120,105,42,17,76,56,86,38,81,54,45,127,134,135,85,87,131,134,124,113,146,85,79,164,63,62,65,164,99,88,146,T-112R,1,2,3
185,182,103,131,139,118,102,130,121,112,97,62,48,117,25,64,56,23,9,32,40,25,10,12.1,4.8,91,19,101,22,102,14,38,53,11,22,7,2,117,37,109,26,47,121,24,58,90,24,34,35,33,95,91,99,82,80,75,71,71,79,116,117,104,43,15,71,67,77,36,76,54,50,135,133,140,103,103,128,137,122,115,152,68,87,154,61,66,59,154,102,86,152,T-1233R,1,2,3
173,170,96,123,135,110,90,121,119,104,91,67,45,99,21,53,46,24,11,29,35,20,9,5.4,1.5,82,23,92,18,88,14,30,48,8,18,5,2,107,30,107,26,45,106,22,49,94,26,39,31,32,89,85,90,78,77,72,67,63,71,112,115,99,41,12,69,65,73,42,74,57,49,121,137,134,96,122,127,135,121,121,157,39,81,121,63,60,71,138,102,90,157,T-1353R,1,2,3
182,181,100,132,146,118,96,128,121,111,95,63,48,114,26,58,51,26,12,32,39,23,11,8.1,3.5,88,21,100,19,99,13,32,49,10,23,6,3,119,42,117,27,45,119,22,55,96,25,45,33,29,94,89,96,81,77,74,69,67,77,122,123,109,39,10,73,67,76,38,74,59,47,129,138,142,93,98,128,139,125,110,161,60,87,147,64,62,61,147,100,85,161,T-149R,1,2,3
181,180,100,125,131,111,94,120,114,105,92,62,48,105,22,55,50,24,10,31,38,22,14,9.9,4.1,83,21,95,21,91,13,31,47,8,22,7,3,107,30,107,21,42,110,24,54,99,25,38,35,30,96,94,98,82,79,75,69,69,75,110,116,105,40,15,64,64,78,37,74,55,50,126,132,141,76,101,136,133,124,121,151,82,71,152,62,61,70,152,110,84,151,T-1547RR,1,2,3
168,166,90,127,139,124,97,114,111,113,85,68,50,108,25,55,49,22,13,34,37,28,9,10.3,2.6,97,22,100,19,99,15,33,49,11,21,5,2,119,38,109,26,47,119,28,59,91,20,34,34,30,88,85,90,77,73,71,64,62,71,119,120,95,35,9,73,63,71,46,79,57,44,131,138,134,115,126,128,130,130,115,162,89,59,148,61,66,73,150,92,88,162,T-1557,1,2,3
184,182,96,137,141,126,92,121,117,113,88,60,47,101,20,58,52,32,14,32,40,19,14,9,6.4,88,22,93,22,94,14,30,48,9,22,5,2,115,33,114,26,51,108,27,60,105,31,49,34,28,90,83,91,81,75,70,62,63,72,122,129,114,41,15,71,64,78,38,81,55,44,127,129,140,68,70,131,126,119,120,151,73,83,156,63,54,67,156,104,88,151,T-1567,1,2,3
185,181,97,125,140,120,98,126,122,120,94,67,53,113,24,58,55,30,10,35,41,23,13,10.7,4.6,87,24,99,21,99,14,34,50,9,19,8,4,117,39,111,25,48,115,19,59,95,29,50,40,32,91,88,95,76,75,72,65,65,76,114,115,107,47,10,73,67,72,41,74,58,48,122,134,141,83,99,131,143,117,113,161,50,87,138,64,63,63,138,103,88,161,T-1623,1,2,3
183,183,96,135,131,119,102,123,113,99,95,74,58,113,25,66,58,23,6,39,41,23,13,8.2,3.1,90,31,101,21,102,17,37,53,10,19,6,1,117,44,104,27,44,125,27,66,106,25,50,35,32,92,96,103,80,78,71,64,66,82,120,127,116,36,16,72,66,68,46,85,50,45,111,135,132,83,106,124,133,129,106,148,80,64,145,57,64,65,164,104,78,148,T-16R,1,2,3
176,173,91,119,147,119,96,135,131,111,87,69,52,113,24,57,51,29,12,37,40,21,12,7.3,3.1,90,25,100,12,98,13,32,52,11,20,7,3,120,36,120,30,48,105,21,54,86,29,40,34,27,90,88,94,77,76,78,68,62,69,110,113,96,35,10,72,64,70,46,67,68,45,122,153,143,82,99,125,136,112,118,163,87,48,135,73,61,63,140,99,87,163,T-174R,1,2,3
177,176,94,128,137,120,99,125,118,112,90,68,51,108,23,55,49,23,13,36,39,23,12,10,3.9,89,20,97,19,97,17,27,45,8,17,4,1,120,43,101,27,47,116,24,57,85,27,42,35,27,95,85,91,82,76,75,67,65,72,115,120,103,40,13,69,65,71,43,82,51,47,132,137,130,88,104,124,135,115,109,155,77,90,167,57,64,53,167,105,85,155,T-176R,1,2,3
170,167,92,127,136,111,93,117,116,102,86,59,46,104,25,55,49,25,12,30,36,21,12,7.8,3.9,86,23,92,15,94,11,29,50,10,19,5,4,110,32,98,22,40,120,29,57,88,22,35,32,28,87,87,92,75,76,72,66,63,72,112,116,98,36,17,68,65,76,39,84,50,46,124,144,145,82,90,130,128,125,120,147,89,75,164,57,69,63,165,98,82,147,T-312R,1,2,3
179,179,103,129,129,111,93,131,126,112,96,70,55,112,23,65,49,30,12,33,39,22,15,8.1,4.7,92,24,96,19,95,16,36,56,12,19,4,2,107,31,102,21,47,111,24,51,101,28,40,40,30,96,92,100,80,80,76,70,68,80,117,122,104,45,12,69,64,75,41,78,51,51,125,137,133,73,82,135,133,120,120,158,73,74,147,56,60,74,147,106,91,158,T-37R,1,2,3
180,177,101,129,146,118,91,123,118,108,92,59,45,106,24,57,50,29,13,33,36,24,16,9.7,6.4,83,24,93,17,95,12,33,49,12,20,4,2,115,28,102,23,43,122,27,69,92,25,42,35,28,98,91,95,81,77,81,71,68,73,119,120,102,37,11,69,64,81,35,79,51,50,120,140,142,74,74,131,132,123,128,159,88,77,166,55,66,64,166,102,85,159,T-554R,1,2,3
171,170,90,130,136,115,92,124,117,108,82,66,48,108,22,55,49,30,11,34,38,17,12,8,5.7,90,21,93,16,92,13,25,48,9,18,6,2,115,42,104,24,47,124,31,55,90,24,45,35,30,87,81,89,74,70,71,61,59,69,118,123,100,39,13,73,61,74,45,84,53,43,130,142,141,71,70,130,126,124,108,155,82,61,143,59,69,64,143,94,85,155,T-66RR,1,2,3
172,168,97,122,148,123,96,130,123,111,85,67,50,120,22,60,48,23,14,33,37,22,13,4.3,0.9,86,17,96,13,95,12,35,52,11,24,6,4,122,34,99,25,42,109,25,53,95,26,36,31,31,90,84,89,77,75,75,68,64,70,107,111,94,41,17,71,59,78,43,77,52,51,137,150,143,80,135,126,131,120,122,149,66,82,148,60,65,79,148,103,88,149,T-915R,1,2,3
186,184,100,135,136,115,94,122,118,108,96,75,52,104,25,50,54,28,13,35,36,25,13,8.1,2,85,25,94,20,93,15,31,51,9,21,5,3,112,37,111,26,47,120,25,56,100,27,44,40,35,96,93,103,83,80,75,69,67,77,121,125,110,44,16,68,65,70,45,79,54,47,119,134,132,88,127,129,135,123,113,150,86,68,155,60,62,65,155,103,87,150,T-985RR,1,2,3
180,177,93,132,144,107,89,124,116,102,81,65,45,104,22,56,48,27,12,33,38,20,12,8.3,4.7,87,21,95,17,93,13,32,52,11,24,3,2,108,33,109,27,43,115,26,59,99,30,45,37,28,89,86,92,76,77,71,67,66,74,115,120,105,40,18,70,59,78,43,81,55,44,128,141,141,80,83,126,131,117,117,146,86,57,143,63,63,70,151,101,85,146,W-1049,1,2,3
175,173,94,128,129,103,81,111,110,102,90,57,44,92,17,49,51,25,11,29,33,17,11,7,6,81,29,83,20,83,14,27,46,7,17,5,3,105,37,105,23,43,117,22,59,94,25,47,36,29,89,88,93,74,71,69,61,59,74,115,116,105,40,13,60,68,76,36,80,54,46,109,129,131,75,61,132,139,124,110,153,82,81,162,60,64,63,162,101,84,153,W-1052,1,2,3
173,172,97,133,144,123,95,126,119,107,90,74,55,104,22,58,55,25,13,34,37,21,14,10.3,5.5,85,27,93,19,93,15,35,55,8,20,7,3,125,44,107,27,48,117,26,61,93,26,42,33,26,92,90,97,78,75,73,65,64,75,119,121,100,38,15,74,62,72,46,81,53,46,115,136,134,74,86,126,132,121,110,152,82,66,149,59,64,68,149,98,88,152,W-1059,1,2,3
172,170,94,130,134,106,87,115,110,98,83,56,42,100,23,48,43,23,12,31,37,17,13,7.7,4,84,22,91,16,91,14,29,47,10,21,6,2,109,37,106,26,43,116,27,53,95,23,41,34,30,87,84,88,73,74,71,64,65,69,114,118,102,40,16,70,61,83,36,81,54,46,125,141,137,66,88,126,130,128,112,148,80,77,157,62,65,69,157,99,86,148,W-1149,1,2,3
175,172,97,138,151,117,99,130,125,120,92,68,50,113,27,60,52,24,10,34,38,24,12,12.3,4,93,24,101,18,100,13,33,53,12,20,5,2,119,37,112,24,51,124,32,60,87,24,41,36,31,93,91,97,80,74,75,69,66,73,126,129,97,41,13,74,65,73,42,82,54,44,125,141,141,90,114,133,125,122,116,156,77,71,148,59,66,64,148,91,93,157,W-1162,1,2,3
166,165,96,126,137,112,89,124,118,97,96,59,46,103,22,58,55,27,11,31,34,20,13,8.8,3.8,84,25,89,16,89,11,34,51,12,21,7,2,115,41,105,25,49,105,24,56,87,24,39,33,30,89,92,99,75,76,72,68,67,75,112,114,95,37,13,67,72,72,36,77,54,48,118,140,143,75,98,129,131,122,109,155,83,80,163,62,60,66,163,100,91,155,W-1253,1,2,3
180,178,92,126,135,119,98,123,117,103,82,67,51,109,24,55,48,28,12,33,35,26,16,8.7,4.5,82,21,99,20,99,13,36,53,11,20,5,2,116,34,103,26,39,118,26,67,98,27,42,36,31,87,84,86,72,74,68,63,64,68,113,120,107,40,15,64,60,76,45,80,54,46,126,136,137,78,88,124,132,122,119,151,86,80,165,60,65,66,165,102,82,151,W-1256,1,2,3
174,172,93,117,139,117,98,124,117,113,89,65,52,104,22,51,49,27,10,35,34,22,17,12,5.9,80,24,97,19,94,14,33,47,9,20,6,1,117,40,100,24,42,113,25,51,90,23,39,39,31,90,87,94,77,71,71,63,63,70,112,115,100,43,7,71,66,72,42,75,55,50,118,137,133,66,91,128,132,125,111,166,59,46,105,58,64,64,105,103,89,166,W-1279,1,2,3
183,181,98,122,128,110,94,121,113,101,88,57,49,104,26,54,47,27,10,34,38,22,13,10.8,3.9,83,24,95,20,95,15,33,50,9,17,6,3,107,33,106,25,46,117,24,56,91,25,39,36,29,92,90,93,78,77,73,66,66,75,108,113,104,44,14,71,63,82,35,73,56,50,120,134,135,80,108,129,135,122,117,152,64,73,137,63,67,61,137,106,83,152,W-1302,1,2,3
171,169,97,126,139,113,87,123,119,99,94,64,46,105,23,57,52,22,8,30,36,22,13,8.9,3.1,80,24,93,16,92,16,37,55,11,17,5,3,111,32,102,23,42,106,24,52,90,27,47,35,28,90,89,96,80,79,75,67,67,76,112,115,104,40,14,69,68,73,39,79,52,49,118,142,129,80,110,130,131,118,120,154,79,86,165,59,59,59,165,106,87,154,W-1309,1,2,3
181,179,95,129,136,113,93,122,115,112,88,63,46,108,25,50,44,28,5,34,38,21,12,9.2,4,87,21,97,17,97,12,30,45,8,19,5,2,110,33,107,27,47,123,24,61,93,24,48,39,32,86,85,90,74,75,73,67,69,71,115,118,108,47,14,64,64,76,40,79,55,46,128,141,144,82,98,126,137,125,118,153,63,86,149,62,67,59,149,99,85,153,W-1324,1,2,3
179,177,99,133,138,118,101,124,120,103,93,77,52,112,25,64,55,30,8,34,37,28,11,13.5,3.2,95,25,102,22,101,14,36,53,14,25,7,2,120,39,111,28,48,124,29,67,90,23,44,31,29,96,94,101,80,80,77,68,70,78,121,122,102,33,14,70,62,71,47,78,55,47,124,133,137,104,129,126,130,126,114,154,86,59,144,60,67,60,153,98,82,154,W-1494,1,2,3
178,174,98,137,133,111,92,119,112,106,85,63,47,104,23,56,48,28,11,33,37,22,10,9.8,3.9,85,23,94,17,92,11,34,54,11,19,6,3,113,36,113,28,49,106,20,58,98,31,53,33,28,91,88,93,78,77,74,68,67,73,117,118,103,36,20,65,59,81,39,81,54,45,123,140,146,95,103,127,138,115,115,141,82,72,154,64,57,72,171,101,89,141,W-1601,1,2,3
179,175,90,133,140,118,91,120,115,110,88,61,44,98,23,55,52,27,10,28,35,21,12,5.6,3,79,23,90,14,91,11,29,48,10,20,6,3,119,41,108,25,47,120,29,61,102,27,50,36,31,83,86,93,72,71,69,62,61,73,118,124,109,43,16,70,68,72,40,84,54,42,120,145,144,82,86,130,128,124,111,149,75,77,152,62,64,69,152,97,85,149,W-1675,1,2,3
155,155,86,125,143,122,96,124,116,112,76,64,47,101,21,52,41,27,11,32,37,22,14,7.2,4.7,83,19,93,16,92,13,30,47,7,20,8,2,125,44,105,25,46,103,22,53,88,22,53,33,27,85,78,84,70,70,69,61,60,66,116,116,95,33,10,74,59,75,46,81,56,43,131,142,140,76,75,129,134,125,110,160,81,39,120,61,57,68,138,96,92,160,W-1735,1,2,3
175,175,102,123,129,103,90,120,113,109,95,60,49,102,23,61,49,27,13,33,37,24,12,10.2,3.1,92,26,95,23,95,15,34,50,10,19,5,1,100,28,101,22,45,115,23,50,94,25,54,34,27,95,93,97,82,79,73,68,69,73,115,116,101,40,9,72,66,79,35,75,52,53,121,128,134,90,117,132,136,123,121,162,54,80,133,57,64,68,133,104,87,162,W-1739,1,2,3
170,166,97,131,146,118,98,132,127,108,89,64,50,109,22,56,47,26,14,32,39,23,13,10,4.1,90,14,99,19,100,12,31,52,10,18,5,2,121,46,100,22,43,113,24,56,91,28,43,35,27,94,90,94,79,76,75,68,66,76,122,122,94,37,11,77,63,77,40,83,49,47,145,138,145,83,101,132,134,117,106,160,88,66,154,53,61,74,154,96,95,160,W-1752,1,2,3
166,166,95,118,140,118,94,118,107,96,92,63,48,106,23,60,54,28,11,32,36,18,12,8.2,2.3,87,26,96,21,95,15,33,49,10,18,8,3,118,39,112,25,48,95,23,48,85,21,42,31,24,95,90,97,81,75,73,67,64,75,112,115,93,32,7,71,68,73,39,69,62,49,118,133,132,74,121,131,128,127,113,165,88,46,134,65,54,66,134,103,93,165,W-1762,1,2,3
164,161,94,119,146,110,90,121,114,98,93,58,47,105,23,53,51,23,10,34,36,21,13,6.8,3.8,87,27,94,17,94,13,34,50,9,19,5,2,109,30,104,24,40,107,27,50,82,23,42,31,29,91,95,99,79,78,73,68,68,75,109,110,85,35,11,70,71,73,36,74,57,49,116,140,139,78,84,128,126,121,122,158,78,60,138,62,66,73,138,97,92,158,W-1771,1,2,3
183,182,100,133,145,123,100,127,120,115,97,64,49,110,25,55,53,30,13,30,36,24,14,10.6,4.9,93,24,98,20,97,14,33,53,13,24,4,1,123,42,113,26,50,114,23,58,104,29,61,33,30,93,95,99,79,80,74,71,72,79,121,125,111,40,14,74,69,74,38,77,56,47,125,136,135,81,94,130,136,121,111,154,70,86,156,62,59,70,156,103,86,154,W-1843,1,2,3
178,173,99,132,138,113,98,120,116,109,97,61,48,109,26,55,46,26,10,31,40,25,10,13.8,5,92,23,100,18,102,15,35,51,11,17,8,4,108,29,107,26,47,121,24,63,93,23,44,33,32,96,92,99,82,81,79,71,71,81,121,121,99,37,12,72,70,74,36,80,53,48,127,140,137,103,108,128,137,127,124,157,80,84,164,58,66,70,164,98,88,157,W-1846,1,2,3
177,173,98,126,136,118,98,125,119,107,95,66,47,109,25,61,50,26,13,30,38,24,14,10.9,3.3,87,23,100,19,98,13,37,55,14,21,7,3,117,35,104,27,44,115,23,58,92,26,46,34,29,89,88,95,75,75,72,65,65,75,112,113,101,44,15,73,68,72,40,77,54,49,124,138,141,81,118,124,136,121,118,152,57,85,143,61,65,66,152,101,88,152,W-1921,1,2,3
175,173,93,125,131,110,93,122,117,96,79,61,51,106,24,49,46,30,10,34,39,23,10,10.5,5.7,85,19,99,20,97,15,33,50,10,21,6,3,113,34,102,21,45,118,22,53,91,26,37,31,26,85,81,85,73,72,64,60,63,75,108,109,101,36,18,68,57,82,41,80,53,47,132,136,136,98,85,135,139,119,118,146,89,77,166,62,69,64,166,101,79,146,W-2025,1,2,3
173,172,96,131,138,118,94,126,119,102,85,61,48,107,21,44,47,26,9,35,37,22,11,7.8,3.4,83,21,96,18,96,17,34,49,9,19,5,2,118,39,107,24,53,116,27,61,93,26,48,33,30,90,86,90,76,72,72,63,64,70,118,120,103,39,15,67,61,80,39,80,54,46,126,139,127,90,98,132,130,122,113,152,78,75,153,60,63,64,153,99,87,152,W-2027,1,2,3
173,169,89,123,143,123,93,119,114,111,84,64,45,104,23,48,43,28,11,29,36,22,11,8.8,1.2,84,19,95,16,94,17,29,49,9,19,7,3,123,47,107,28,48,115,25,56,94,29,55,35,29,87,82,88,76,75,70,64,64,72,118,119,104,36,7,66,64,73,43,77,58,45,131,143,126,90,149,124,133,116,105,166,87,57,145,61,62,64,145,98,85,166,W-2048,1,2,3
185,180,93,138,149,131,99,125,121,110,79,68,49,107,22,52,47,30,10,35,36,25,13,8.7,4.4,88,21,97,14,97,14,29,47,10,18,4,1,133,48,115,33,48,129,28,62,94,28,39,37,29,88,83,88,77,73,74,66,63,71,123,124,108,42,16,67,56,78,46,82,56,42,129,148,135,88,89,119,133,117,108,150,83,60,144,64,68,60,144,94,84,150,W-2105,1,2,3
181,176,93,135,139,112,88,122,117,108,86,57,45,103,22,54,44,30,12,31,37,17,9,8.8,3.9,87,19,87,15,97,13,32,49,11,21,4,2,113,41,109,29,46,119,25,52,104,30,48,33,28,85,86,90,72,75,74,67,68,74,119,124,110,39,17,65,65,78,37,83,53,43,133,142,140,87,97,123,134,120,108,148,83,82,165,62,62,71,165,99,83,148,W-2125,1,2,3
164,161,90,125,146,118,95,130,127,108,85,69,50,104,22,61,52,26,11,33,35,22,12,10.9,3.8,91,24,96,24,94,14,24,45,8,23,4,2,119,40,103,27,47,105,24,50,88,27,53,33,30,89,87,93,77,75,71,66,63,70,115,116,90,35,13,72,63,71,46,80,54,45,124,127,134,85,110,124,131,115,112,157,88,55,143,59,60,75,148,96,94,157,W-2138,1,2,3
179,176,100,134,139,113,94,125,120,106,89,67,54,109,22,61,51,27,12,37,39,23,13,6.2,2.8,92,26,101,21,100,17,36,57,11,21,5,1,112,32,107,22,43,114,26,54,102,29,56,36,30,95,93,98,81,81,78,67,69,74,120,123,103,43,16,75,61,78,41,81,52,47,121,135,130,83,96,134,131,120,121,150,75,60,135,58,61,77,135,101,91,150,W-2244,1,2,3
157,157,90,123,136,116,90,118,115,101,83,62,48,96,20,59,48,27,11,33,35,18,10,7.2,3,82,24,89,18,88,15,31,47,7,20,5,1,113,34,109,26,42,107,23,53,83,19,46,34,30,86,86,92,74,72,70,63,62,69,112,112,89,39,13,63,63,75,42,76,59,45,119,136,131,84,100,127,133,130,118,155,77,49,127,65,63,68,127,94,95,155,W-2254,1,2,3
174,172,94,129,143,119,93,121,114,111,88,58,49,105,23,52,48,25,10,34,36,22,13,8.9,5.7,89,20,93,16,95,9,33,48,12,24,6,2,108,39,111,27,50,113,26,56,91,24,50,38,30,90,90,95,76,76,75,69,68,74,117,119,101,41,13,71,66,77,37,78,57,45,132,142,151,80,76,128,131,124,108,154,86,61,147,63,62,64,147,98,90,154,W-2337,1,2,3
174,171,96,132,153,121,99,133,131,110,84,67,50,104,21,56,47,27,11,33,37,23,15,7.8,4.6,84,23,96,18,94,15,31,53,10,21,7,2,123,37,109,27,43,120,27,60,91,26,43,40,31,92,85,89,78,74,75,65,60,71,121,125,104,42,12,74,59,78,43,80,54,46,123,139,134,75,81,126,132,120,118,159,89,69,158,60,64,61,158,98,89,159,W-2354,1,2,3
167,166,87,123,149,130,100,126,122,103,80,63,51,107,25,49,45,26,12,35,37,26,13,8,2.9,90,24,100,16,100,13,29,45,9,20,7,2,130,41,107,28,46,120,23,49,92,26,46,32,28,85,82,87,73,69,70,64,59,67,115,117,100,32,9,77,62,74,44,78,58,44,124,145,140,90,108,124,137,121,116,163,82,41,123,63,67,66,139,95,81,163,W-2414,1,2,3
171,168,93,132,136,113,88,126,110,104,87,62,50,104,24,55,51,28,12,32,37,22,11,5.8,3.8,88,24,94,14,95,13,29,50,9,21,5,3,114,36,106,24,47,106,19,56,100,29,50,36,31,85,89,93,73,75,72,64,64,74,115,116,105,43,18,69,65,75,40,83,53,44,123,147,140,90,75,131,140,120,115,144,80,76,156,62,57,71,156,102,90,144,W-2437,1,2,3
181,177,94,124,139,110,95,119,116,112,86,57,46,101,22,50,47,24,10,30,38,21,10,7.2,3,81,16,95,15,94,16,30,46,9,18,5,2,109,33,103,27,40,125,26,57,93,24,38,37,32,89,83,90,77,77,76,68,69,73,112,114,102,43,14,69,64,79,37,78,54,48,137,145,132,93,100,123,135,124,118,153,74,78,152,60,71,66,152,99,83,153,W-2476,1,2,3
185,184,99,134,141,118,92,120,115,108,89,66,49,107,24,50,50,28,11,29,37,22,13,8.5,3.9,90,19,95,18,93,14,33,57,12,24,3,2,117,39,113,36,49,125,27,60,99,30,49,34,25,96,90,96,83,85,77,72,72,77,121,125,107,36,15,74,61,78,41,78,56,46,134,138,137,80,95,114,133,118,113,151,85,66,152,61,66,68,161,100,82,151,W-2515,1,2,3
159,156,89,124,139,123,97,128,121,102,88,63,52,108,21,52,47,24,8,33,34,23,10,8.1,4.8,82,21,95,15,93,13,37,55,11,21,5,1,123,45,99,26,42,106,24,66,84,23,40,34,28,85,86,93,74,74,70,65,66,70,115,116,94,37,10,75,68,70,42,82,52,45,126,145,136,98,80,124,129,123,108,161,80,63,143,57,60,63,143,96,93,161,W-2645,1,2,3
166,165,92,121,147,116,93,129,125,109,85,62,48,102,22,60,47,27,10,33,34,23,12,9.6,3.1,87,23,92,18,90,12,28,45,8,18,4,1,117,35,103,27,42,98,18,48,93,25,57,37,31,87,85,90,74,70,72,63,62,69,110,112,99,40,12,71,64,76,41,76,56,48,124,137,140,88,114,123,140,122,118,158,84,69,153,62,56,70,153,105,92,158,W-2860,1,2,3
183,183,105,132,140,116,104,122,118,116,95,64,49,110,24,54,50,27,13,33,39,24,12,9.2,3.1,92,21,99,21,100,15,39,55,11,22,4,1,116,37,111,29,49,118,23,60,89,23,44,38,29,97,90,96,82,81,77,69,68,73,120,122,109,43,12,69,63,80,37,75,54,50,131,134,136,90,112,124,137,125,115,157,73,89,162,60,62,52,162,104,86,157,W-2924,1,2,3
174,172,94,128,145,121,93,125,121,110,88,67,51,108,22,55,48,27,11,31,36,21,16,8.8,2.9,82,17,82,14,94,13,37,54,12,20,6,2,121,36,110,26,45,113,25,58,90,23,43,35,28,88,86,92,73,75,72,65,68,78,115,119,103,40,14,67,64,73,43,77,57,46,135,142,139,67,113,128,132,126,118,154,79,78,157,64,62,60,157,100,87,154,W-311,1,2,3
168,166,93,128,145,119,95,128,123,107,92,65,48,113,25,67,52,27,11,34,35,22,12,9.4,4.9,96,29,96,17,94,12,30,49,11,24,6,2,120,40,107,26,47,114,27,56,92,23,49,34,28,91,94,99,78,76,75,70,66,77,117,119,96,37,13,72,69,70,41,79,55,46,118,141,141,85,88,128,129,127,113,156,87,61,148,60,64,73,148,97,90,156,W-454,1,2,3
169,165,88,128,143,119,97,127,125,104,79,63,49,105,22,57,45,27,10,33,37,22,12,8.3,4,86,23,95,14,95,14,25,43,6,18,4,1,120,41,104,26,42,113,23,56,96,27,42,36,32,84,82,86,73,68,68,59,57,68,116,116,99,41,14,76,60,76,44,83,54,43,124,147,137,85,92,125,136,121,111,155,79,64,144,60,63,74,144,96,90,155,W-457,1,2,3
173,170,94,122,144,123,98,126,121,109,95,61,46,107,21,49,52,27,13,33,37,21,13,8.2,4.6,86,22,95,15,96,10,33,50,11,17,5,1,126,42,104,27,44,107,24,50,95,30,43,32,26,91,91,98,78,77,75,69,68,84,116,120,103,35,7,67,72,70,38,76,56,48,126,145,149,78,83,124,132,115,113,167,70,67,137,59,58,67,137,103,87,167,W-466,1,2,3
166,164,90,122,136,113,89,118,114,105,90,70,51,97,20,53,53,22,12,34,37,18,14,7.1,4,79,24,87,14,89,12,28,45,8,19,6,1,117,40,105,25,44,108,26,53,88,25,44,37,29,89,86,94,78,75,77,68,64,74,116,118,95,40,8,67,67,67,46,77,57,46,117,144,143,65,83,128,129,121,111,164,74,62,136,60,61,68,136,97,94,164,W-631,1,2,3
171,170,96,126,142,121,96,117,107,104,91,67,48,104,21,56,51,22,9,33,38,21,11,5.4,1.2,82,25,94,21,92,12,29,47,6,17,5,1,122,47,105,26,54,113,26,57,91,24,44,32,27,91,87,96,77,73,69,62,63,76,115,117,99,39,13,68,65,73,42,77,54,48,117,132,144,87,132,127,131,124,105,153,67,71,138,60,63,67,138,100,89,153,W-690,1,2,3
168,166,90,122,129,112,90,112,105,101,90,64,47,99,22,60,51,24,10,33,34,22,9,7.4,2.8,83,25,92,17,89,10,37,52,9,20,6,3,111,36,103,26,45,111,21,54,88,25,40,32,24,84,86,93,74,71,67,62,61,71,111,112,101,36,12,66,69,69,42,78,56,46,118,139,146,101,106,126,139,120,114,154,80,79,160,62,63,59,160,100,83,154,W-700,1,2,3
166,164,88,124,134,109,91,121,111,102,85,67,49,105,20,58,49,26,9,33,36,18,12,7,4,92,26,92,15,90,12,25,47,8,21,6,1,111,38,99,25,39,111,23,57,89,27,44,35,29,82,83,91,69,68,66,60,57,68,112,113,99,40,13,67,65,70,46,83,52,45,121,144,142,74,82,125,135,117,111,154,77,66,143,59,63,64,143,98,88,154,W-781,1,2,3
161,159,88,121,137,113,90,118,114,112,87,55,43,100,20,55,48,23,11,29,35,21,10,8,2.1,79,22,89,15,89,12,27,48,8,18,3,2,114,36,102,22,45,101,19,53,89,23,42,31,25,83,83,89,74,70,68,60,58,72,109,109,98,35,12,70,71,73,37,79,56,46,122,143,141,93,125,133,139,125,115,156,81,84,165,62,58,65,165,102,87,156,W-881,1,2,3
182,179,100,132,132,116,97,117,114,105,98,68,48,106,24,64,56,27,12,33,40,23,12,9,4.7,89,26,99,22,98,14,33,50,10,24,5,1,114,36,112,29,47,115,23,58,96,29,46,35,24,92,92,99,78,76,71,66,65,80,121,123,108,41,13,67,68,72,40,77,56,48,119,132,140,88,88,124,136,118,115,154,72,89,161,62,60,62,161,101,88,154,W-886,1,2,3
161,160,93,127,125,105,88,109,103,91,89,54,43,93,19,52,51,25,10,28,33,19,12,6.2,3.6,80,28,85,18,84,12,30,47,8,19,5,1,106,41,102,24,43,107,23,54,87,23,47,30,24,86,89,93,74,75,69,64,62,70,113,113,93,34,17,62,69,77,34,81,53,46,110,134,138,77,81,129,133,124,105,143,88,82,170,60,62,69,174,97,90,143,W-893,1,2,3
175,173,95,121,135,115,95,125,121,111,85,64,46,105,20,52,44,26,10,36,37,23,13,7.2,3,80,19,97,19,96,17,30,47,9,19,5,3,113,34,104,28,42,109,22,55,93,24,36,38,33,90,84,91,76,74,71,64,64,68,112,114,102,41,10,69,61,78,41,75,56,49,129,137,127,83,100,122,136,123,118,161,80,56,135,61,61,66,135,104,88,161,W-925,1,2,3
174,172,94,127,131,115,93,120,117,102,85,63,50,99,21,52,47,22,9,30,35,20,14,7.3,4.5,79,24,89,19,89,15,27,44,7,15,5,2,113,38,103,26,46,120,26,56,95,31,50,34,32,91,89,92,75,73,71,66,65,73,113,115,101,38,14,67,62,77,41,80,53,47,117,134,131,71,78,126,133,114,112,153,84,64,148,59,68,70,148,101,83,153,W-929,1,2,3
175,170,92,131,140,104,88,120,117,105,85,57,43,102,22,52,48,28,11,31,34,21,10,7.6,5,90,24,91,18,91,11,26,45,11,20,6,3,104,31,110,27,46,123,28,56,86,26,41,35,31,84,83,88,72,70,67,63,61,68,117,119,101,41,13,63,65,78,37,80,56,44,124,137,143,93,74,127,131,118,118,155,72,81,153,64,68,57,153,93,86,155,W-935,1,2,3
190,185,105,127,131,113,94,133,120,114,103,70,54,122,23,64,59,29,10,33,42,23,11,7.2,3.3,89,28,100,21,101,15,41,58,11,20,8,6,111,37,110,26,52,114,25,57,85,32,44,35,31,98,101,107,86,82,77,72,73,81,113,115,101,41,14,76,69,72,39,72,56,52,116,134,139,93,95,129,133,106,113,154,75,77,152,62,64,56,152,105,87,154,SD74/JP,2,2,4
186,183,100,127,145,123,98,131,125,107,92,66,50,112,23,61,53,32,13,33,36,25,15,11.2,5.1,90,27,96,21,96,15,40,51,10,21,8,5,111,28,111,28,52,116,25,56,91,29,42,36,31,99,97,100,86,79,80,72,70,78,119,119,104,37,11,75,63,77,40,74,57,49,118,133,132,80,95,126,133,115,126,160,87,46,132,60,62,60,139,103,86,160,SD75/JB,2,2,4
186,183,100,136,143,118,90,128,122,115,97,72,54,106,23,51,54,34,14,28,35,20,9,8.3,5.1,91,27,93,18,91,10,28,54,11,27,5,4,117,43,108,24,49,122,26,58,96,28,39,33,27,90,94,101,76,80,72,69,65,79,119,122,110,39,18,71,66,71,43,82,52,47,119,138,147,96,78,132,134,118,107,147,85,82,167,60,64,59,167,101,82,147,T-1028,2,2,4
188,185,92,137,151,134,104,132,127,115,84,65,53,113,23,57,50,30,12,33,40,23,11,10.2,4.7,89,23,103,20,99,18,37,57,11,19,8,2,135,48,119,30,48,137,33,61,94,27,38,38,32,92,90,93,79,75,71,64,65,77,127,130,108,37,13,77,62,75,43,80,59,41,125,138,128,93,95,125,128,119,109,157,76,49,125,63,71,58,154,92,81,157,T-1040,2,2,4
188,184,101,131,143,122,98,136,130,107,85,74,56,118,22,51,53,29,14,34,40,24,19,10.6,5.4,88,22,102,22,102,15,38,55,10,23,7,3,120,33,110,27,45,118,23,54,94,27,37,36,31,100,91,95,81,79,75,68,69,78,116,119,102,39,19,76,56,79,46,77,55,49,127,133,137,65,89,126,137,119,122,147,84,64,148,61,65,67,159,104,86,147,T-1051,2,2,4
175,173,97,135,139,118,94,135,129,113,86,66,52,110,25,53,47,26,11,31,38,22,14,7.7,5.1,89,23,98,16,98,13,30,54,11,23,7,3,111,32,104,24,50,117,26,61,90,22,29,37,32,87,87,90,74,74,73,65,62,72,115,118,102,45,20,76,60,78,42,84,50,46,125,144,141,76,74,130,132,123,120,146,80,85,165,60,65,62,165,99,89,146,T-1053,2,2,4
188,184,107,145,143,121,95,136,126,115,103,66,50,116,24,58,52,30,12,36,40,24,10,7.1,3.6,93,23,106,16,104,17,40,56,12,19,8,5,119,37,115,27,50,131,29,63,98,23,51,36,34,95,97,101,81,81,79,73,73,84,130,131,109,49,17,81,68,75,37,81,52,47,127,146,131,100,89,129,132,130,116,150,48,79,127,59,66,64,150,94,92,150,T-1089,2,2,4
192,191,106,138,148,118,97,139,133,111,95,73,55,115,22,59,50,35,15,37,41,21,11,9.1,6.1,95,23,100,20,99,20,31,51,10,21,8,3,119,34,110,22,46,122,26,45,103,25,36,43,35,95,92,98,80,78,75,69,65,76,123,130,116,52,19,76,61,77,42,79,52,49,128,136,124,87,73,135,131,125,121,148,72,87,159,59,61,63,159,104,89,148,T-109,2,2,4
191,187,103,146,152,130,101,135,128,117,89,73,53,117,24,64,53,31,14,34,39,26,16,10.4,5.5,89,25,100,22,100,15,38,55,11,22,8,5,130,46,121,26,53,131,30,71,102,26,55,35,32,98,94,100,80,78,76,69,65,82,126,126,115,49,22,77,58,78,44,81,55,44,121,132,136,78,87,133,131,126,109,142,63,66,129,64,66,62,129,100,86,142,T-1097,2,2,4
175,173,103,132,135,118,96,132,123,109,95,71,55,114,22,49,58,28,15,36,36,22,16,7.3,5.2,97,28,97,17,97,11,28,51,8,19,6,2,118,36,102,25,42,117,23,53,86,21,35,37,30,90,92,95,96,74,72,65,63,70,117,118,104,45,15,70,63,75,42,80,50,50,120,141,145,69,70,127,137,127,117,153,67,85,153,57,64,54,162,101,89,153,T-1107,2,2,4
193,190,103,135,145,129,108,127,120,117,96,72,55,113,24,53,52,26,14,34,41,25,12,13.5,8.3,89,30,103,20,101,18,33,58,10,21,8,2,124,36,108,27,45,128,26,60,101,21,41,39,37,94,94,99,80,80,72,66,63,79,120,125,115,49,16,69,64,74,42,80,52,49,112,138,130,92,78,126,136,134,120,150,60,84,144,59,66,61,144,103,84,150,T-1111,2,2,4
183,180,102,139,141,121,94,130,124,106,104,68,49,112,23,62,59,32,13,33,38,21,12,6.8,2.9,91,27,98,18,97,14,35,56,9,22,8,4,119,40,104,21,46,134,28,59,93,20,31,36,30,94,98,96,81,79,75,70,68,83,123,124,110,44,16,74,72,69,39,85,48,47,119,140,138,82,99,136,134,129,112,151,71,56,127,55,70,56,194,98,83,151,T-1112,2,2,4
192,189,102,137,140,123,105,134,124,111,87,67,56,121,26,52,49,27,13,38,41,25,12,6.1,1.3,94,22,105,19,104,15,40,62,14,23,6,3,121,37,117,30,47,129,28,62,97,19,28,40,33,98,93,97,85,82,80,73,70,76,122,124,109,44,18,76,58,82,41,77,56,47,130,140,138,92,134,124,133,130,117,148,90,61,151,63,68,63,151,100,85,148,T-1130R,2,2,4
187,183,99,138,147,123,99,138,130,109,97,70,51,114,23,61,55,33,12,34,37,23,12,6.6,2.8,101,25,98,14,96,12,34,56,10,25,6,2,120,35,116,31,49,121,27,61,97,25,45,41,35,89,92,100,79,78,76,70,66,78,122,126,111,50,19,75,68,71,42,79,56,45,127,148,143,88,99,123,132,125,119,147,73,86,159,64,62,61,159,98,90,147,T-1266R,2,2,4
182,180,107,135,151,125,98,143,132,110,101,69,56,115,26,60,57,35,16,35,38,29,18,12.7,5.8,90,28,104,26,101,14,36,55,8,19,9,3,125,40,111,20,54,126,26,60,88,20,45,38,30,103,99,105,84,81,78,72,69,85,125,125,100,41,11,77,66,75,39,77,53,50,116,127,138,78,95,140,135,131,115,161,82,72,154,57,67,61,154,98,90,161,T-126R,2,2,4
181,177,99,136,138,114,94,133,124,114,94,68,54,112,23,70,54,29,13,33,39,23,13,9.2,4.1,91,27,99,20,98,14,36,54,10,24,6,4,113,36,109,21,46,123,27,57,91,23,42,36,34,91,95,99,76,78,71,67,65,82,119,121,103,42,18,76,65,73,41,82,52,46,119,136,139,83,97,137,132,126,115,148,84,79,163,61,67,62,163,97,87,148,T-1271,2,2,4
172,170,101,139,144,121,95,132,124,112,89,63,52,116,26,56,47,29,15,33,38,21,12,9.9,4.6,89,22,97,19,97,13,41,55,12,19,6,3,119,36,103,21,46,116,29,58,93,26,48,33,31,93,91,94,77,75,74,68,67,77,123,127,102,38,18,71,61,81,38,86,48,46,127,137,141,82,94,135,127,122,118,148,89,79,168,55,61,66,168,98,90,148,T-1272R,2,2,4
179,177,99,138,143,127,99,137,126,118,95,67,49,117,26,60,51,26,12,35,38,23,10,6.1,3.1,96,22,99,14,100,13,37,59,13,24,5,2,123,41,109,23,52,130,30,63,95,23,42,34,28,88,90,96,77,77,71,68,67,79,123,125,108,44,17,74,67,73,40,83,52,45,131,148,141,98,89,134,130,128,113,150,65,88,153,59,68,61,157,95,85,150,T-1308,2,2,4
190,187,105,139,145,121,95,127,120,115,99,72,56,111,26,57,55,31,12,33,37,25,13,5.1,2.7,97,28,98,18,96,15,35,58,9,26,5,2,124,41,113,27,47,123,25,57,97,27,43,36,29,100,99,103,87,84,81,75,68,86,127,129,112,41,14,73,65,74,41,79,53,48,120,140,134,88,87,128,136,121,113,154,79,77,156,58,62,58,156,102,86,154,T-1327,2,2,4
194,192,103,134,141,122,101,129,116,107,97,69,53,115,25,60,53,29,14,33,38,20,14,10.3,5.3,91,22,100,21,97,13,33,56,12,25,7,2,117,37,115,23,50,130,26,65,96,26,43,35,28,103,100,103,87,87,82,76,76,84,126,126,109,35,11,77,65,75,40,76,56,48,128,134,141,71,88,136,136,123,115,159,81,60,141,59,67,59,159,101,81,159,T-1346,2,2,4
186,184,98,124,131,110,91,130,118,108,100,74,55,115,25,73,58,37,14,33,40,21,12,8.1,4.7,97,30,89,13,98,13,32,57,8,25,8,4,107,25,104,21,46,134,35,61,85,18,38,35,27,89,94,99,77,78,78,65,63,78,114,125,109,43,11,71,69,67,44,76,54,50,117,147,143,82,82,136,125,134,130,159,49,82,131,60,74,46,148,99,76,159,T-1514,2,2,4
180,176,102,134,142,124,98,133,128,111,90,76,56,108,19,54,49,31,12,39,40,20,13,4.7,3,82,26,99,17,97,16,38,54,9,17,6,3,118,32,110,28,48,113,23,46,91,23,40,36,32,96,92,95,83,77,77,69,65,76,120,122,102,41,15,74,59,75,46,78,54,48,115,142,134,75,76,125,134,126,123,154,81,75,156,60,61,63,156,101,91,154,T-1520,2,2,4
193,190,107,147,149,123,92,128,122,119,95,70,56,111,25,54,53,32,14,35,38,21,7,8.7,5,87,25,95,20,94,16,36,56,12,23,5,2,120,35,123,29,48,130,27,62,97,27,39,37,31,100,95,99,86,82,80,74,69,80,132,133,112,41,17,68,61,79,40,79,55,46,120,134,132,113,82,128,135,120,119,149,89,81,170,62,64,58,170,97,87,149,T-1522,2,2,4
184,182,112,130,139,122,91,126,116,104,91,71,54,108,22,57,50,26,12,36,38,21,14,8.2,3.5,82,24,96,17,95,14,33,52,11,21,5,2,105,22,108,25,44,124,30,65,88,21,34,39,34,94,92,95,83,79,79,71,70,78,112,117,103,47,18,73,54,87,39,72,52,55,119,141,138,74,99,129,128,127,135,146,75,83,158,63,70,58,158,102,85,146,T-1527,2,2,4
194,190,105,132,145,116,92,137,132,117,100,69,53,116,25,62,55,27,13,34,40,21,12,8.3,3.1,92,24,100,19,100,16,44,70,14,24,3,4,108,26,115,26,45,112,22,48,98,30,39,39,36,97,100,105,83,83,78,73,77,88,112,115,106,47,20,79,66,74,39,74,57,50,125,138,134,82,106,130,136,115,129,146,79,81,160,66,62,67,160,107,88,146,T-1546,2,2,4
177,173,97,124,148,121,100,143,138,118,90,67,52,117,22,59,46,32,14,34,41,23,14,8.3,4.7,97,20,101,16,101,13,34,56,12,20,5,3,122,33,101,25,44,111,24,53,87,26,36,37,35,91,88,93,79,77,75,68,67,75,111,114,99,43,14,76,64,75,42,78,53,50,135,145,144,79,83,127,133,117,123,157,74,82,156,59,64,61,156,104,89,157,T-192,2,2,4
184,181,100,134,133,122,94,129,116,107,85,69,52,107,22,46,45,31,18,36,38,22,12,7.4,4.1,82,20,97,18,95,17,38,63,12,20,9,5,120,40,121,31,57,125,27,53,75,18,30,37,31,99,88,92,82,81,82,73,69,77,123,125,98,37,13,71,57,80,43,74,60,46,128,139,129,85,84,126,132,127,113,155,80,61,141,65,68,42,161,94,85,155,T-219,2,2,4
194,189,111,131,149,119,102,143,132,121,110,69,53,123,25,62,59,32,16,32,41,25,14,8.7,4.1,101,27,107,18,105,13,37,54,10,24,9,5,120,38,115,25,47,123,25,59,101,25,49,36,32,102,105,109,87,86,84,75,76,85,122,124,106,45,11,79,71,73,36,71,56,53,124,143,144,84,93,132,136,127,115,161,40,82,122,61,65,71,138,102,89,161,T-224,2,2,4
192,187,102,135,143,124,94,135,127,117,97,70,53,109,24,60,53,30,13,32,38,20,11,9.4,6.3,88,26,97,17,95,13,37,54,11,22,7,3,111,30,113,26,44,129,31,53,95,23,36,38,33,97,97,102,84,81,82,75,73,81,123,130,110,42,13,75,66,73,41,78,55,48,119,141,141,85,73,129,127,126,123,157,81,71,152,60,67,58,152,100,83,157,T-229,2,2,4
172,170,96,137,140,122,100,128,119,100,89,65,51,108,27,59,52,27,10,32,36,24,11,9.7,3.8,85,23,95,20,94,15,34,49,9,18,6,2,121,43,120,26,47,115,30,63,94,20,37,38,30,91,93,97,79,76,70,65,67,75,122,124,98,43,17,71,64,75,41,78,59,43,123,134,132,95,104,131,125,132,109,148,85,67,152,67,62,72,152,93,95,148,T-230,2,2,4
181,178,97,120,144,113,91,141,131,111,92,65,52,119,25,56,50,34,14,34,38,24,11,6.1,3.4,92,23,98,15,97,17,38,57,9,20,8,4,115,29,104,24,46,112,22,60,88,30,40,35,30,89,92,95,78,78,72,65,65,76,107,111,103,41,14,72,66,74,40,73,56,51,127,146,129,95,84,130,137,111,126,156,75,82,156,63,64,57,156,106,83,156,T-234,2,2,4
189,186,100,134,133,114,90,129,121,109,86,80,57,112,22,59,51,28,12,38,39,20,13,7.4,4.6,93,21,96,17,95,13,37,54,11,26,4,4,103,25,112,24,46,130,28,67,91,23,34,36,34,92,89,94,79,75,74,68,67,75,116,121,108,44,20,66,56,74,50,78,55,47,131,141,142,75,78,132,133,124,128,143,80,72,153,64,71,56,153,99,81,143,T-262,2,2,4
182,181,106,134,136,112,92,130,121,111,102,68,52,114,22,59,56,25,13,34,38,20,12,6.5,6,88,25,94,20,95,16,38,55,10,21,6,3,105,26,105,24,43,124,24,58,92,23,40,33,30,98,96,102,84,81,81,72,71,80,120,121,107,40,15,69,68,74,38,79,50,51,121,134,132,80,57,130,138,126,127,152,73,86,159,57,66,58,167,103,84,152,T-268,2,2,4
195,191,112,134,151,120,96,136,130,114,101,66,54,118,24,61,53,28,13,34,40,22,12,7.5,4,88,25,99,17,99,15,38,58,11,20,6,4,120,42,113,29,52,124,24,64,100,26,50,36,32,104,99,102,89,85,87,77,74,85,122,128,111,43,14,75,63,81,36,73,54,53,121,142,137,85,86,125,138,125,110,156,69,90,159,59,64,64,159,106,85,156,T-364,2,2,4
182,179,98,125,146,119,97,139,130,110,95,80,60,116,22,59,54,25,11,35,43,24,14,9.1,3.7,91,25,97,17,98,16,35,55,10,25,6,3,111,26,105,24,45,115,24,54,87,26,33,38,31,94,96,100,80,78,76,69,67,80,115,117,103,40,11,72,64,67,49,76,55,50,122,141,137,81,102,130,135,116,130,161,88,66,153,59,63,56,153,104,86,161,T-378,2,2,4
180,176,103,134,144,123,105,139,125,114,104,67,46,120,26,63,56,30,17,28,38,26,13,9.2,3.1,101,28,103,20,102,14,36,54,10,26,7,3,123,39,113,27,50,118,26,59,92,19,28,36,33,100,104,109,86,84,80,75,73,87,121,123,96,40,15,76,72,70,38,77,55,48,122,138,138,90,112,128,132,129,115,153,86,74,160,61,65,72,160,98,92,153,T-379,2,2,4
178,175,104,133,136,116,93,124,120,107,99,67,52,110,23,65,52,30,13,33,36,24,17,8.7,4.2,92,30,97,20,96,15,30,47,10,19,10,6,110,31,112,24,56,114,30,55,87,20,32,37,28,98,101,103,82,79,78,72,69,84,117,120,97,42,16,73,67,75,38,76,55,49,114,135,132,70,92,134,124,128,121,150,83,80,163,62,64,64,163,100,92,150,T-431,2,2,4
180,175,96,136,134,121,101,133,121,111,98,72,50,118,21,66,57,27,12,32,37,23,12,5.7,3.1,91,28,98,16,95,12,37,61,13,22,9,5,118,41,105,24,45,127,29,65,91,22,35,36,30,89,97,104,77,80,73,67,67,83,117,119,104,42,19,73,70,67,44,85,50,45,117,144,143,88,85,130,131,126,110,145,86,77,162,59,70,61,162,97,84,145,T-433,2,2,4
189,186,110,137,146,120,100,134,126,117,113,59,60,119,27,62,51,25,11,33,40,23,14,9.4,3.1,90,25,101,21,98,16,38,60,12,22,10,5,109,28,114,25,56,127,28,64,90,23,46,37,31,102,97,102,88,84,81,73,72,82,126,128,107,43,11,76,77,72,31,75,54,51,122,135,134,79,113,133,132,126,126,160,64,0,64,59,65,56,244,100,88,160,T-493,2,2,4
181,179,101,133,139,129,106,138,127,110,95,69,53,115,25,54,53,28,13,33,39,24,11,9,4.2,87,23,102,16,99,12,36,57,13,23,7,2,131,43,105,25,49,129,29,56,90,23,37,32,28,94,94,99,81,82,77,73,69,79,120,122,100,39,14,72,65,74,41,80,51,48,124,145,145,95,94,129,131,125,113,155,70,77,148,57,71,64,148,96,85,155,T-501,2,2,4
186,182,104,133,150,134,99,135,130,116,97,66,51,117,25,62,54,29,15,30,37,26,15,10.2,4.7,99,25,102,18,101,12,34,58,11,23,11,5,132,35,114,29,50,115,24,52,98,26,49,37,31,100,99,102,82,85,81,75,72,81,120,123,105,43,14,78,65,77,38,75,56,49,126,141,143,82,95,126,134,124,124,156,74,73,147,62,61,69,147,104,90,156,T-505,2,2,4
174,170,96,139,138,119,93,129,120,103,91,70,51,109,22,54,54,22,11,32,37,22,12,8.3,4.1,87,28,95,17,95,15,34,52,11,18,5,3,121,42,112,30,51,119,28,61,87,23,33,37,30,93,94,100,77,76,77,69,66,81,122,124,91,42,18,70,64,72,44,83,53,43,114,141,134,85,91,123,130,122,110,147,87,65,152,61,66,71,152,91,97,147,T-517,2,2,4
185,183,107,146,144,124,98,128,119,113,99,66,51,114,25,56,53,30,10,34,37,25,13,7.1,3,93,28,97,20,96,14,36,55,11,25,8,2,124,48,120,31,53,119,26,55,100,24,50,36,35,99,101,105,87,85,78,73,73,82,125,127,105,34,23,66,65,78,37,80,54,46,118,135,137,88,100,125,133,129,105,138,66,81,147,64,62,72,195,99,86,138,T-558,2,2,4
183,179,100,137,138,112,86,122,115,107,94,68,53,103,24,60,49,30,14,33,37,20,11,6.5,4.4,82,23,90,16,91,13,34,49,10,24,6,5,108,36,112,28,51,107,26,48,98,29,42,32,31,89,93,99,77,76,74,68,71,84,114,117,105,43,24,64,65,74,41,80,54,46,121,141,140,85,73,127,128,118,113,135,81,85,166,66,58,69,166,103,89,135,T-614,2,2,4
177,176,92,120,140,117,93,124,113,111,92,63,47,110,24,59,49,29,14,30,36,24,12,11.1,5.1,90,20,95,17,95,13,33,50,12,21,6,1,117,39,107,28,43,120,24,61,92,28,51,33,29,87,86,93,75,70,70,64,64,75,112,116,106,38,8,71,70,70,40,74,59,47,132,141,139,90,95,123,136,117,113,164,57,85,142,64,67,58,142,101,80,164,T-708,2,2,4
168,166,104,131,142,121,99,137,128,105,96,72,53,119,22,65,53,30,12,35,39,23,10,9.7,5.3,95,27,102,20,100,13,33,54,10,23,7,3,119,33,108,25,46,105,26,55,86,21,36,36,31,100,100,105,85,83,80,74,74,84,114,116,86,41,19,77,63,75,42,76,53,50,121,137,142,98,85,130,127,127,122,147,89,67,156,60,61,76,156,99,100,147,T-709,2,2,4
187,184,98,139,141,118,94,124,113,107,91,70,52,111,26,63,53,27,13,31,39,22,16,13.2,7.2,92,28,97,21,97,13,34,54,12,23,7,4,118,42,124,31,57,127,27,58,92,25,39,38,31,95,92,96,80,77,75,70,63,76,129,129,108,40,12,68,63,74,43,77,60,43,117,133,142,69,85,127,134,122,109,156,89,69,158,65,64,56,158,94,87,156,T-743,2,2,4
176,175,98,130,135,114,94,126,117,107,86,64,52,105,25,53,46,33,12,34,39,20,16,8.3,4.8,82,23,98,21,95,11,30,52,10,19,8,3,108,31,108,22,45,107,26,58,90,20,43,36,31,95,90,93,78,76,74,68,65,76,118,119,102,38,13,75,60,80,40,78,54,48,121,134,148,64,82,135,128,132,120,155,89,61,150,60,58,61,152,103,90,155,T-747,2,2,4
177,174,98,131,135,112,89,126,121,102,89,61,48,107,22,51,49,32,13,31,38,18,10,7,3.1,82,24,89,20,90,19,36,55,8,22,5,4,110,40,110,25,49,112,20,60,98,23,57,38,28,91,89,91,78,76,71,65,65,70,118,118,109,43,16,66,63,79,38,78,55,47,119,132,123,84,97,131,141,129,108,150,83,88,171,62,59,64,171,103,88,150,T-756,2,2,4
192,190,101,130,147,117,91,131,126,117,95,72,56,114,24,64,55,32,20,31,37,23,13,7.6,4.7,89,28,94,18,94,14,33,59,12,23,9,4,119,39,109,22,51,124,25,40,100,30,50,39,31,97,96,100,84,82,79,73,69,83,120,124,112,43,12,72,64,73,43,76,55,49,116,138,137,83,78,136,131,118,114,158,79,69,147,59,65,63,147,104,83,158,T-787,2,2,4
189,186,105,135,137,119,101,129,119,108,97,73,54,113,25,57,53,34,13,32,37,26,16,10.7,7.5,94,27,101,23,100,15,33,51,8,22,9,2,120,42,112,27,48,129,24,69,94,25,51,36,35,101,95,101,85,82,77,71,68,79,125,127,106,39,12,77,63,75,42,77,54,49,120,131,134,78,71,128,139,124,110,157,85,74,158,58,67,62,158,99,85,157,T-802,2,2,4
182,180,98,128,149,119,92,136,131,114,92,71,56,113,27,62,52,33,11,34,40,21,15,9.7,5,92,23,97,18,100,15,37,57,13,26,7,5,119,34,112,25,53,114,24,59,97,28,51,33,31,94,91,97,79,76,75,69,65,79,117,121,106,38,13,73,64,73,44,75,58,48,127,139,137,70,88,132,134,120,121,158,77,71,149,63,61,66,149,103,85,158,T-803,2,2,4
180,177,100,136,145,125,95,130,122,113,92,69,52,111,21,55,51,25,14,33,37,21,10,7.4,4.1,94,27,95,18,94,15,31,53,10,20,7,4,114,30,109,23,52,117,23,58,93,24,42,39,30,95,95,100,92,81,77,71,67,79,118,118,103,41,19,74,63,75,42,81,52,47,120,138,134,93,84,134,137,125,124,145,82,70,153,60,64,64,168,101,88,145,T-805,2,2,4
183,178,105,139,140,121,96,135,126,113,96,67,51,118,23,62,52,33,15,32,36,24,12,10,5.9,90,21,100,17,96,16,42,61,13,24,9,5,119,32,111,25,47,117,26,56,93,25,38,35,28,94,93,98,79,80,78,73,69,79,122,124,105,44,17,72,63,78,39,80,52,48,130,142,129,90,81,131,132,122,123,150,69,88,157,60,62,62,157,99,91,150,T-810,2,2,4
187,184,104,138,140,123,102,130,120,103,91,74,56,116,21,60,54,27,11,36,40,22,13,8.3,5.3,98,28,98,20,98,18,31,51,10,24,10,4,119,33,107,25,51,128,29,61,90,21,23,38,34,96,97,100,83,78,77,68,68,83,114,117,104,43,25,70,59,77,44,82,50,48,121,136,128,80,76,130,131,120,122,135,83,76,159,61,72,59,173,102,82,135,T-812,2,2,4
187,185,102,143,148,125,101,137,130,114,98,73,55,121,23,67,53,30,15,33,39,23,13,7.5,4,89,28,99,20,99,13,40,59,15,23,8,3,123,38,125,31,58,129,31,66,91,22,28,35,28,97,99,103,82,82,79,74,71,81,129,129,104,39,15,74,66,72,43,77,59,44,116,136,142,83,86,127,129,123,117,154,86,75,161,65,66,60,161,92,88,154,T-813,2,2,4
181,178,108,132,147,118,98,134,128,111,101,76,58,117,23,59,56,29,15,34,39,26,13,10.8,4.9,93,25,105,21,101,17,32,57,12,27,6,4,103,21,105,19,51,116,24,57,94,23,44,34,29,99,97,103,85,83,77,72,70,82,117,120,106,42,16,77,64,74,42,77,51,53,123,136,130,90,96,140,135,128,136,152,71,87,158,57,62,62,158,107,87,152,T-868,2,2,4
196,191,109,146,150,121,105,139,130,119,105,68,54,123,24,68,57,33,15,31,39,27,15,9.6,4.4,95,23,104,19,104,12,33,54,13,26,8,4,124,39,118,27,52,127,28,65,101,27,49,35,30,99,97,105,84,82,78,72,71,86,127,129,112,45,19,78,68,75,37,80,53,47,128,140,145,84,95,130,132,124,116,147,71,85,156,61,64,64,166,100,88,147,T-877,2,2,4
201,197,113,149,149,123,101,135,129,118,108,80,58,121,25,60,62,32,13,37,44,27,12,6.5,3.2,97,29,107,23,107,19,33,56,11,23,8,6,112,31,121,24,55,125,24,60,112,23,30,39,32,105,105,115,92,88,84,76,77,88,129,131,119,46,23,83,65,72,42,79,53,48,118,133,131,97,91,136,138,127,122,141,88,78,166,61,60,70,166,105,86,141,T-956,2,2,4
181,179,96,131,137,122,100,130,122,109,94,69,51,115,24,62,55,29,12,35,38,26,9,7.8,3.6,94,21,100,17,99,14,35,50,10,23,5,1,117,33,105,27,45,120,27,61,101,29,46,37,32,90,91,98,80,79,75,69,70,72,117,121,107,44,14,74,67,70,43,81,52,46,132,142,138,111,95,125,132,120,121,154,69,77,146,59,65,70,146,101,86,154,T-963,2,2,4
187,184,100,138,144,124,99,125,116,111,94,68,51,109,23,56,53,27,11,34,39,23,12,8.2,3.7,90,29,96,18,96,13,32,53,11,18,7,2,125,43,115,29,50,126,28,61,98,26,38,35,27,92,96,96,79,75,73,67,65,78,124,127,110,43,18,74,65,74,41,80,55,45,114,139,142,88,96,126,132,122,111,146,76,89,165,62,65,63,165,97,86,146,T-974,2,2,4
199,193,102,140,148,127,96,138,127,113,90,69,51,119,24,55,54,26,13,32,38,24,15,10,3.6,98,24,103,19,100,15,35,53,12,24,7,5,117,35,120,28,55,124,25,67,103,34,50,36,33,95,95,97,80,78,76,70,71,81,120,122,110,44,21,76,60,79,42,78,57,45,128,139,135,77,108,130,136,113,118,143,82,77,159,67,65,69,159,100,85,143,W-1061,2,2,4
186,183,101,138,145,115,91,130,122,112,95,66,49,113,23,56,53,29,19,33,39,24,13,9.3,3.7,94,26,99,17,98,12,29,49,14,20,4,5,111,32,117,25,54,119,23,56,99,27,46,36,31,95,95,100,82,78,72,80,71,84,122,122,108,41,15,73,65,75,39,78,56,46,122,142,145,85,103,134,138,123,120,152,81,75,156,64,62,66,156,100,87,152,W-1068,2,2,4
187,185,105,139,158,126,103,132,128,120,95,71,53,114,26,55,52,27,16,33,39,27,15,11.7,4.8,92,26,102,23,98,16,34,55,12,23,8,1,124,39,119,30,50,117,24,58,102,27,60,37,32,100,95,99,84,81,76,73,71,78,128,130,114,40,11,76,62,77,41,76,56,47,121,131,133,84,101,126,135,123,116,160,82,72,154,61,57,63,154,103,88,160,W-1069,2,2,4
185,183,104,133,139,130,102,123,119,108,88,68,55,107,22,55,49,28,10,34,35,25,14,8.7,3.1,84,26,97,20,93,14,36,56,11,23,6,2,124,35,110,27,51,117,28,58,98,26,50,37,31,99,91,95,83,79,78,71,66,75,119,124,106,42,16,75,57,83,40,77,54,50,116,135,134,84,109,128,129,124,121,150,83,69,152,60,62,68,152,104,88,150,W-1075,2,2,4
192,189,104,137,138,115,100,132,121,115,101,65,52,117,25,68,56,28,13,31,41,24,18,11.4,5.8,90,26,101,21,100,14,40,56,12,23,8,2,119,42,110,26,48,118,21,65,102,35,47,37,30,95,98,103,80,80,75,70,73,84,120,121,109,45,19,70,69,74,37,80,52,48,120,135,141,67,89,129,140,111,110,145,78,89,167,60,62,69,167,103,88,145,W-1076,2,2,4
180,179,94,135,148,123,90,131,125,109,91,64,47,108,22,52,55,27,11,30,34,23,12,8.6,5.3,91,25,92,20,91,16,34,52,10,21,6,2,125,39,116,31,52,131,31,58,97,22,47,34,28,89,89,94,74,73,71,65,64,77,126,129,106,38,10,69,67,72,40,79,58,43,122,133,126,88,78,123,129,131,116,162,74,76,149,63,68,66,149,92,84,162,W-2955,2,2,4
177,176,97,134,149,127,95,129,123,111,93,72,53,109,24,66,55,32,13,30,35,22,13,8.7,6.1,92,27,96,19,94,13,34,57,10,25,5,2,129,42,112,25,48,127,35,69,93,21,41,34,30,92,94,102,79,79,74,69,67,80,120,125,102,40,16,72,65,71,44,79,55,45,119,137,137,80,71,131,122,131,114,151,80,60,140,62,69,66,140,95,85,151,W-2995,2,2,4
183,179,105,135,141,117,95,130,124,120,99,67,50,114,24,59,54,29,12,32,38,24,13,7.7,3.8,94,31,99,20,98,14,34,54,10,22,5,6,115,37,109,22,51,117,27,61,92,22,39,36,30,97,97,101,84,80,77,71,66,79,118,120,102,43,16,67,66,76,38,78,52,50,113,136,138,85,91,136,130,128,114,151,75,87,162,60,64,64,162,102,90,151,W-707,2,2,4
188,185,99,140,148,122,101,135,130,118,86,73,52,111,23,61,48,29,12,35,39,23,15,9.8,5.1,83,21,101,17,98,14,35,53,10,21,6,4,124,39,113,24,51,126,26,55,102,32,53,33,30,93,87,92,79,76,74,68,66,75,127,130,115,38,13,78,58,77,46,82,53,44,126,143,139,75,88,134,135,116,116,157,77,66,144,59,63,61,144,99,82,157,W-740,2,2,4
180,177,94,132,137,115,92,129,119,114,80,72,55,108,22,61,49,33,11,38,39,20,14,6.7,4.9,88,21,97,16,96,15,36,52,7,24,4,3,111,31,108,23,47,119,27,55,93,30,41,37,30,90,84,89,75,73,73,63,63,73,117,117,103,41,16,72,56,76,48,81,54,45,129,143,136,71,69,133,131,114,122,150,87,60,148,61,65,64,148,99,87,150,W-798,2,2,4
166,163,93,128,146,117,93,129,118,107,89,71,51,108,21,59,51,26,12,33,36,21,16,8.8,4.1,90,23,93,18,92,12,30,53,10,24,5,3,119,33,107,25,48,104,23,57,86,23,48,35,28,93,91,98,78,77,75,69,67,78,115,116,94,32,15,70,64,70,46,79,55,46,126,138,142,67,94,130,132,123,122,151,66,57,123,61,59,66,171,100,91,151,W-800,2,2,4
190,186,106,129,150,123,96,136,127,119,107,70,55,115,25,63,56,27,12,33,40,26,14,9.5,4.9,90,24,103,19,104,14,39,62,13,23,7,7,127,41,118,28,54,116,25,63,97,31,56,36,27,102,100,107,89,87,85,78,77,82,126,127,107,39,6,76,72,70,38,70,59,51,124,139,140,86,88,129,133,114,114,169,64,88,152,61,59,65,156,102,90,169,W-801,2,2,4
186,183,101,123,129,107,93,120,114,113,90,69,54,103,23,60,53,31,13,33,36,23,18,8.1,4.4,81,26,96,25,94,16,33,51,10,19,6,4,102,28,101,20,41,118,24,59,91,26,40,34,29,97,91,97,81,77,72,67,65,77,109,111,102,38,16,61,61,78,42,75,52,52,115,125,129,65,85,136,136,120,122,149,88,69,157,58,68,63,157,108,81,149,W-826,2,2,4
176,176,104,134,141,118,98,138,124,111,101,81,62,117,23,67,61,30,15,35,41,23,13,13,6.1,100,32,103,21,103,16,38,56,10,28,6,2,115,33,113,24,47,106,20,51,93,24,44,37,30,100,104,111,86,82,77,73,72,90,116,117,97,42,20,71,65,69,47,76,55,49,115,136,135,83,94,133,139,125,120,144,90,65,155,63,59,72,155,103,95,144,W-843,2,2,4
181,179,103,123,137,112,93,129,116,110,100,69,51,112,25,61,55,27,11,35,39,24,15,7.7,3.9,95,27,100,20,100,16,33,49,8,20,7,5,115,37,105,27,45,115,25,56,90,26,47,35,30,98,98,103,84,82,77,71,71,72,112,114,100,40,12,69,68,72,40,72,55,53,121,136,133,77,89,125,133,120,114,157,74,79,153,60,65,64,153,106,86,157,W-870,2,2,4
